"CAMPUS_TRADING_NAME","coordinates","EDUCATION_SECTOR","EDUCATIONAL_FACILITY_PROVIDER_CODE","EDUCATIONAL_FACILITY_COMPANY_NAME","EDUCATIONAL_FACILITY_TRADING_NAME","LOCATION_NAME","CITY_REGIONAL_FLAG","AREA","Source","UNIVERSITY_CAMPUS_LONG","UNIVERSITY_CAMPUS_LAT","Cambodia","Canada","China","France","Hong Kong","India","Indonesia","Ireland","Italy","Japan","Korea, Republic of (South)","Macau","Malawi","Malaysia","Malta","Myanmar, The Republic of the Union of","Nepal","Netherlands","Pakistan","Papua New Guinea","Philippines","Portugal","Russian Federation","Saudi Arabia","Singapore","South Africa","Sri Lanka","Sweden","Taiwan","Thailand","Turkey","Ukraine","United Arab Emirates","United Kingdom British - Citizen","United Kingdom British - National (Overseas)","United States of America","Venezuela, Bolivarian Republic of","Vietnam","Zambia","Zimbabwe"
"Box Hill Institute","c(-37.8154, 145.115)","VET","02411J","Box Hill Institute","Box Hill Institute","Box Hill Institute of TAFE","No","0.4","International student data 14/01/2018",145.115,-37.8154,0,0,2,0,1,1,0,0,0,1,0,2,0,2,0,0,1,0,0,0,0,0,0,0,2,0,2,0,6,9,1,0,0,4,0,9,3,23,1,4
"Harvest Bible College","c(-37.8994, 145.23)","Higher Education","01035C","Harvest Bible College Ltd","Harvest Bible College","Harvest Bible College, 1330 Ferntree Gully Road Scoresby VICTORIA","No","0.4","International student data 14/01/2018",145.23,-37.8994,0,0,2,0,1,1,0,0,0,1,0,2,0,2,0,0,1,0,0,0,0,0,0,0,2,0,2,0,6,9,1,0,0,4,0,9,3,23,1,4
"Australian Study Link Institute","c(-37.762, 145)","VET","03483G","RTO Connect Pty Ltd","Australian Study Link Institute","Northcote","No","0.8","International student data 14/01/2018",145,-37.762,0,0,2,0,1,1,0,0,0,1,0,2,0,2,0,0,1,0,0,0,0,0,0,0,2,0,2,0,6,9,1,0,0,4,0,9,3,23,1,4
"The Australian Ballet School","c(-37.8218, 144.968)","All sectors","00253A","The Australian Ballet School","The Australian Ballet School,The Australian Ballet School","The Australian Ballet School","No","0.4","International student data 14/01/2018",144.968,-37.8218,0,0,2,0,1,1,0,0,0,1,0,2,0,2,0,0,1,0,0,0,0,0,0,0,2,0,2,0,6,9,1,0,0,4,0,9,3,23,1,4
"Royal Victorian Aero Club","c(-37.9757, 145.092)","All sectors","00277D","Royal Victorian Aero Club","Royal Victorian Aero Club,Royal Victorian Aero Club","Royal Victorian Aero Club","No","0.4","International student data 14/01/2018",145.092,-37.9757,0,0,2,0,1,1,0,0,0,1,0,2,0,2,0,0,1,0,0,0,0,0,0,0,2,0,2,0,6,9,1,0,0,4,0,9,3,23,1,4
"ST AEROSPACE ACADEMY (AUSTRALIA) PTY LTD,2 Bowral Court, Mitchell Park","c(-37.5147, 143.805)","All sectors","03354E","ST AEROSPACE ACADEMY (AUSTRALIA) PTY LTD","ST AEROSPACE ACADEMY (AUSTRALIA) PTY LTD,2 Bowral Court, Mitchell Park","ST AEROSPACE ACADEMY (AUSTRALIA) PTY LTD,2 Bowral Court, Mitchell Park, 2 Bowral Court, Mitchell Park","Yes","0.8","International student data 14/01/2018",143.805,-37.5147,0,0,2,0,1,1,0,0,0,1,0,2,0,2,0,0,1,0,0,0,0,0,0,0,2,0,2,0,6,9,1,0,0,4,0,9,3,23,1,4
"The Academy of Interactive Entertainment, Melbourne Campus","c(-37.8223, 144.954)","VET","02406F","The Academy of Interactive Entertainment Ltd","The Academy of Interactive Entertainment Ltd,World Trade Centre","World Trade Centre","No","0.4","International student data 14/01/2018",144.954,-37.8223,0,0,2,0,1,1,0,0,0,1,0,2,0,2,0,0,1,0,0,0,0,0,0,0,2,0,2,0,6,9,1,0,0,4,0,9,3,23,1,4
"Bendigo TAFE and Kangan Institute, Broadmeadows Campus","c(-37.6798, 144.918)","All sectors","01218G","Bendigo Kangan Institute","Bendigo TAFE; and Kangan Institute","Broadmeadows Campus","No","0.4","International student data 14/01/2018",144.918,-37.6798,0,0,2,0,1,1,0,0,0,1,0,2,0,2,0,0,1,0,0,0,0,0,0,0,2,0,2,0,6,9,1,0,0,4,0,9,3,23,1,4
"La Trobe Bundoora Campus","c(-37.6986, 145.06)","Non-award","03312D","Navitas Bundoora Pty Ltd","La Trobe Melbourne","La Trobe Melbourne","No","1.1","International student data 14/01/2018",145.06,-37.6986,0,0,2,0,1,1,0,0,0,1,0,2,0,2,0,0,1,0,0,0,0,0,0,0,2,0,2,0,6,9,1,0,0,4,0,9,3,23,1,4
"The Academy of Interactive Entertainment","c(-35.2403, 149.149)","VET","02406F","The Academy of Interactive Entertainment Ltd","The Academy of Interactive Entertainment Ltd,The Academy of Interactive Entertainment","The Academy of Interactive Entertainment","No","0.4","International student data 14/01/2018",149.149,-35.2403,0,0,2,0,1,1,0,0,0,1,0,2,0,2,0,0,1,0,0,0,0,0,0,0,2,0,2,0,6,9,1,0,0,4,0,9,3,23,1,4
"Rabbinical College of Australia and N.Z.","c(-37.8637, 145.003)","All sectors","01031G","Rabbinical College of Australia and New Zealand","Rabbinical College of Australia and New Zealand,Rabbinical College of Australia and New Zealand","Rabbinical College of Australia and New Zealand","No","1.4","International student data 14/01/2018",145.003,-37.8637,0,0,2,0,1,1,0,0,0,1,0,2,0,2,0,0,1,0,0,0,0,0,0,0,2,0,2,0,6,9,1,0,0,4,0,9,3,23,1,4
"Gordon Institute of TAFE, East Geelong Campus","c(-38.175, 144.38)","VET","00011G","Gordon Institute of TAFE","Gordon Institute of TAFE,185 St Albans Road","Gordon Institute of TAFE,185 St Albans Road, 185 St Albans Road","Yes","0.4","International student data 14/01/2018",144.38,-38.175,0,0,2,0,1,1,0,0,0,1,0,2,0,2,0,0,1,0,0,0,0,0,0,0,2,0,2,0,6,9,1,0,0,4,0,9,3,23,1,4
"Technical Institute of Victoria","c(-37.8179, 144.965)","VET","02924F","Spice Telecom Australia Pty Ltd","Technical Institute of Victoria","Technical Institute of Victoria, Mezzanine Level, 278 Flinders Lane","No","0.4","International student data 14/01/2018",144.965,-37.8179,0,0,2,0,1,1,0,0,0,1,0,2,0,2,0,0,1,0,0,0,0,0,0,0,2,0,2,0,6,9,1,0,0,4,0,9,3,23,1,4
"AGB Training, Geelong Campus","c(-38.1645, 144.356)","VET","03356C","AGB Group Pty Ltd","AGB training","AGB training, 31 Barwon Terrace","Yes","0.4","International student data 14/01/2018",144.356,-38.1645,0,0,2,0,1,1,0,0,0,1,0,2,0,2,0,0,1,0,0,0,0,0,0,0,2,0,2,0,6,9,1,0,0,4,0,9,3,23,1,4
"Dance Factory","c(-37.8318, 144.998)","All sectors","01884F","Dance Factory Pty Ltd","Dance Factory Pty Ltd","Dance Factory Pty Ltd","No","0.4","International student data 14/01/2018",144.998,-37.8318,0,0,2,0,1,1,0,0,0,1,0,2,0,2,0,0,1,0,0,0,0,0,0,0,2,0,2,0,6,9,1,0,0,4,0,9,3,23,1,4
"Nova Institute of Technology","c(-37.7887, 144.94)","All sectors","02856B","Nova International Education Pty Ltd","Nova Institute of Technology","Nova Institute of Technology, 185 Boundary Road North Melbourne","No","0.4","International student data 14/01/2018",144.94,-37.7887,0,0,2,0,1,1,0,0,0,1,0,2,0,2,0,0,1,0,0,0,0,0,0,0,2,0,2,0,6,9,1,0,0,4,0,9,3,23,1,4
"Flinders International College","c(-37.8517, 144.981)","All sectors","03453B","Masters In Training Pty Ltd","Flinders International College","St Kilda Rd","No","0.4","International student data 14/01/2018",144.981,-37.8517,0,0,2,0,1,1,0,0,0,1,0,2,0,2,0,0,1,0,0,0,0,0,0,0,2,0,2,0,6,9,1,0,0,4,0,9,3,23,1,4
"Elite Training Institute","c(-37.7394, 144.946)","VET","03470A","Elite Training Institute Pty Ltd","Elite Training Institute Pty Ltd,325 - 327 Bell Street","Elite Training Institute Pty Ltd,325 - 327 Bell Street, 325 - 327 Bell Street","No","0.4","International student data 14/01/2018",144.946,-37.7394,0,0,2,0,1,1,0,0,0,1,0,2,0,2,0,0,1,0,0,0,0,0,0,0,2,0,2,0,6,9,1,0,0,4,0,9,3,23,1,4
"Sunraysia Institute of TAFE, Mildura Campus","c(-34.2038, 142.169)","VET","01985A","Sunraysia Institute of TAFE","Sunraysia Institute of TAFE,Sunraysia Institute of TAFE","Sunraysia Institute of TAFE","Yes","1","International student data 14/01/2018",142.169,-34.2038,0,0,2,0,1,1,0,0,0,1,0,2,0,2,0,0,1,0,0,0,0,0,0,0,2,0,2,0,6,9,1,0,0,4,0,9,3,23,1,4
"Federation University, Ballarat Campus","c(-37.5622, 143.85)","All sectors","00103D","Federation University Australia","Federation University Australia","Federation University Ballarat","Yes","0.6","International student data 14/01/2018",143.85,-37.5622,0,0,2,0,1,1,0,0,0,1,0,2,0,2,0,0,1,0,0,0,0,0,0,0,2,0,2,0,6,9,1,0,0,4,0,9,3,23,1,4
"University of Canberra, UC Melbourne - Chadstone Campus","c(-37.882, 145.101)","Higher Education","00212K","University of Canberra","University of Canberra,UC Melbourne - Chadstone Campus","UC Melbourne - Chadstone Campus","No","0.4","International student data 14/01/2018",145.101,-37.882,0,0,2,0,1,1,0,0,0,1,0,2,0,2,0,0,1,0,0,0,0,0,0,0,2,0,2,0,6,9,1,0,0,4,0,9,3,23,1,4
"RC (Rhodes College)","c(-37.8157, 144.961)","All sectors","02992E","Queens Group Pty Ltd","RC (Rhodes College)","RC (Rhodes College), 118 Queen Street","No","0.6","International student data 14/01/2018",144.961,-37.8157,0,0,2,0,1,1,0,0,0,1,0,2,0,2,0,0,1,0,0,0,0,0,0,0,2,0,2,0,6,9,1,0,0,4,0,9,3,23,1,4
"Marcus Oldham College","c(-38.1927, 144.305)","All sectors","00306D","Marcus Oldham College","Marcus Oldham College,Marcus Oldham College","Marcus Oldham College","Yes","0.4","International student data 14/01/2018",144.305,-38.1927,0,0,2,0,1,1,0,0,0,1,0,2,0,2,0,0,1,0,0,0,0,0,0,0,2,0,2,0,6,9,1,0,0,4,0,9,3,23,1,4
"Education Training & Employment Australia, ETEA","c(-37.7559, 145.065)","Non-award","02925E","Education Training & Employment Australia Pty Ltd","Education Training & Employment Australia Pty Ltd","Education Training & Employment Australia Pty Ltd, 158 Burgundy Street, Heidelberg","No","0.4","International student data 14/01/2018",145.065,-37.7559,0,0,2,0,1,1,0,0,0,1,0,2,0,2,0,0,1,0,0,0,0,0,0,0,2,0,2,0,6,9,1,0,0,4,0,9,3,23,1,4
"Monash University, Gippsland Campus","c(-38.3169, 146.427)","Higher Education","00008C","Monash University (Monash)","Monash University","Gippsland","Yes","0.4","International student data 14/01/2018",146.427,-38.3169,0,0,2,0,1,1,0,0,0,1,0,2,0,2,0,0,1,0,0,0,0,0,0,0,2,0,2,0,6,9,1,0,0,4,0,9,3,23,1,4
"Gordon Institute of TAFE, East Geelong ELICOS Campus","c(-38.1412, 144.354)","ELICOS","00011G","Gordon Institute of TAFE","Gordon Institute of TAFE,Gordon Institute of TAFE","Gordon Institute of TAFE","Yes","0.4","International student data 14/01/2018",144.354,-38.1412,0,0,2,0,1,1,0,0,0,1,0,2,0,2,0,0,1,0,0,0,0,0,0,0,2,0,2,0,6,9,1,0,0,4,0,9,3,23,1,4
"Latrobe College of Art and Design","c(-37.8036, 144.991)","VET","03157K","LaTrobe International Galleries Pty. Ltd.","Latrobe College of Art and Design","Latrobe College of Art and Design, 138 Cromwell St Collingwood VIC","No","0.4","International student data 14/01/2018",144.991,-37.8036,0,0,2,0,1,1,0,0,0,1,0,2,0,2,0,0,1,0,0,0,0,0,0,0,2,0,2,0,6,9,1,0,0,4,0,9,3,23,1,4
"Victorian Academy Of Commerce and Technology Startups (VACTS)","c(-37.7505, 144.965)","All sectors","03477E","Vanshraj Enterprises Pty Ltd","Victorian Academy Of Commerce and Technology Startups","Sydney Road, Coburg","No","0.4","International student data 14/01/2018",144.965,-37.7505,0,0,2,0,1,1,0,0,0,1,0,2,0,2,0,0,1,0,0,0,0,0,0,0,2,0,2,0,6,9,1,0,0,4,0,9,3,23,1,4
"South Australian College of English (SACE) Melbourne College of English","c(-37.8217, 144.955)","ELICOS","00094M","South Australian College of English Pty Ltd","South Australian College of English Pty Ltd,Tower 4, Level 5, World Trade Centre, 18-38 Siddeley Street, Melbourne, Victoria 3005","South Australian College of English Pty Ltd,Tower 4, Level 5, World Trade Centre, 18-38 Siddeley Street, Melbourne, Victoria 3005, Tower 4, Level 5, World Trade Centre, 18-38 Siddeley Street, Melbourne, Victoria 3005","No","0.8","International student data 14/01/2018",144.955,-37.8217,0,0,2,0,1,1,0,0,0,1,0,2,0,2,0,0,1,0,0,0,0,0,0,0,2,0,2,0,6,9,1,0,0,4,0,9,3,23,1,4
"Pax Institute of Education","c(-37.8141, 144.961)","All sectors","03152D","Pax Institute of Education Pty Ltd","Pax Institute of Education Pty Ltd,Level 16, 190 Queen Street Melbourne","Pax Institute of Education Pty Ltd,Level 16, 190 Queen Street Melbourne, Level 16, 190 Queen Street Melbourne","No","0.4","International student data 14/01/2018",144.961,-37.8141,0,0,2,0,1,1,0,0,0,1,0,2,0,2,0,0,1,0,0,0,0,0,0,0,2,0,2,0,6,9,1,0,0,4,0,9,3,23,1,4
"ALACC Health College, Australia","c(-37.6889, 145.065)","VET","02933E","Australasian Lawrence Aged Care College Pty Ltd","Australasian Lawrence Aged Care College Pty Ltd,Australasian Aged Care College Pty Ltd","Australasian Aged Care College Pty Ltd","No","0.6","International student data 14/01/2018",145.065,-37.6889,0,0,2,0,1,1,0,0,0,1,0,2,0,2,0,0,1,0,0,0,0,0,0,0,2,0,2,0,6,9,1,0,0,4,0,9,3,23,1,4
"Central Melbourne Institute","c(-37.8524, 145.037)","VET","03351G","Malvern Institute Pty Ltd","Malvern International College, Central Melbourne Institute","Malvern Institute Pty Ltd","No","0.4","International student data 14/01/2018",145.037,-37.8524,0,0,2,0,1,1,0,0,0,1,0,2,0,2,0,0,1,0,0,0,0,0,0,0,2,0,2,0,6,9,1,0,0,4,0,9,3,23,1,4
"Dalton College","c(-37.8131, 144.956)","All sectors","03450E","Global Education Consultant Pty Ltd","Dalton College","Dalton College, Level 1, 533 Little Lonsdale Street","No","1.1","International student data 14/01/2018",144.956,-37.8131,0,0,2,0,1,1,0,0,0,1,0,2,0,2,0,0,1,0,0,0,0,0,0,0,2,0,2,0,6,9,1,0,0,4,0,9,3,23,1,4
"Australian Catholic University, Ballarat Campus","c(-37.5579, 143.844)","All sectors","00004G","Australian Catholic University Limited","Australian Catholic University","Australian Catholic University-Ballarat Campus","Yes","0.8","International student data 14/01/2018",143.844,-37.5579,0,0,2,0,1,1,0,0,0,1,0,2,0,2,0,0,1,0,0,0,0,0,0,0,2,0,2,0,6,9,1,0,0,4,0,9,3,23,1,4
"MEGT Institute, Melbourne Campus","c(-37.8164, 144.967)","All sectors","02517K","MEGT (Australia) Ltd","MEGT Institute","MEGT Institute, 55 Swanston St","No","0.4","International student data 14/01/2018",144.967,-37.8164,0,0,2,0,1,1,0,0,0,1,0,2,0,2,0,0,1,0,0,0,0,0,0,0,2,0,2,0,6,9,1,0,0,4,0,9,3,23,1,4
"Australian Institute of Technical Training  (AITT), Melbourne Campus","c(-37.8178, 144.964)","VET","02868J","Australian Institute of Technical Training Pty Ltd","Australian Institute of Technical Training Pty Ltd","Australian Institute of Technical Training Pty Ltd, Level 2, 335 Flinders Lane","No","0.4","International student data 14/01/2018",144.964,-37.8178,0,0,2,0,1,1,0,0,0,1,0,2,0,2,0,0,1,0,0,0,0,0,0,0,2,0,2,0,6,9,1,0,0,4,0,9,3,23,1,4
"Australian Centre of Further Education","c(-37.8104, 144.958)","VET","03377J","Australian Centre of Further Education PTY LTD","Australian Centre of Further Education PTY LTD","Australian Centre of Further Education PTY LTD, Level 5, 341 Queen Street Melbourne","No","0.6","International student data 14/01/2018",144.958,-37.8104,0,0,2,0,1,1,0,0,0,1,0,2,0,2,0,0,1,0,0,0,0,0,0,0,2,0,2,0,6,9,1,0,0,4,0,9,3,23,1,4
"Explore English","c(-37.8155, 144.966)","All sectors","03024A","Melbourne City Institute of Education Pty Ltd, as trustee for MCIE Unit Trust","Melbourne City Institute of Education, Explore English","Melbourne City Institute of Education, Explore English, Level 5, 250 Collins St","No","1.1","International student data 14/01/2018",144.966,-37.8155,0,0,2,0,1,1,0,0,0,1,0,2,0,2,0,0,1,0,0,0,0,0,0,0,2,0,2,0,6,9,1,0,0,4,0,9,3,23,1,4
"Australian National Airline College","c(-37.9761, 145.09)","VET","02530B","Moorabbin Aviation Services Pty Ltd","Australian National Airline College","Moorabbin Aviation Services Pty Ltd","No","0.4","International student data 14/01/2018",145.09,-37.9761,0,0,2,0,1,1,0,0,0,1,0,2,0,2,0,0,1,0,0,0,0,0,0,0,2,0,2,0,6,9,1,0,0,4,0,9,3,23,1,4
"Fusion Enlgish, Melbourne Campus","c(-37.8139, 144.966)","All sectors","03056D","The Language Pod Pty Ltd","Fusion English Brisbane, Fusion English","Fusion English Brisbane, Fusion English, Level 1 and 2, 158-160 Swanston St, Melbourne","No","0.4","International student data 14/01/2018",144.966,-37.8139,0,0,2,0,1,1,0,0,0,1,0,2,0,2,0,0,1,0,0,0,0,0,0,0,2,0,2,0,6,9,1,0,0,4,0,9,3,23,1,4
"Australian Catholic Univeristy, Melbourne Campus","c(-37.8082, 144.978)","All sectors","00004G","Australian Catholic University Limited","Australian Catholic University","Australian Catholic University-Melbourne Campus","No","1","International student data 14/01/2018",144.978,-37.8082,0,0,2,0,1,1,0,0,0,1,0,2,0,2,0,0,1,0,0,0,0,0,0,0,2,0,2,0,6,9,1,0,0,4,0,9,3,23,1,4
"Holmesglen, Holmesglen Institute, Chadstone Campus","c(-37.8755, 145.092)","ELICOS","00012G","Holmesglen Institute","Holmesglen, Holmesglen Institute","Chadstone Campus","No","0.8","International student data 14/01/2018",145.092,-37.8755,0,0,2,0,1,1,0,0,0,1,0,2,0,2,0,0,1,0,0,0,0,0,0,0,2,0,2,0,6,9,1,0,0,4,0,9,3,23,1,4
"Department of Education and Training, Victoria","c(-37.8142, 144.974)","All sectors","00861K","Department of Education and Training","Department of Education and Training","Department of Education & Training (Victoria)","No","0.9","International student data 14/01/2018",144.974,-37.8142,0,0,2,0,1,1,0,0,0,1,0,2,0,2,0,0,1,0,0,0,0,0,0,0,2,0,2,0,6,9,1,0,0,4,0,9,3,23,1,4
"Navitas College of Public Safety (NCPS)","c(-37.8177, 144.966)","All sectors","01945J","Navitas College of Public Safety Pty Ltd","Navitas College of Public Safety Pty Ltd,Navitas College of Public Safety Pty Ltd","Navitas College of Public Safety Pty Ltd","No","0.4","International student data 14/01/2018",144.966,-37.8177,0,0,2,0,1,1,0,0,0,1,0,2,0,2,0,0,1,0,0,0,0,0,0,0,2,0,2,0,6,9,1,0,0,4,0,9,3,23,1,4
"Job Training Institute, Dandenong Campus","c(-37.9871, 145.215)","All sectors","03373B","Job Training Institute Pty Ltd","Job Training Institute Pty Ltd,Level 5 Plaza Business Centre Dandenong","Job Training Institute Pty Ltd,Level 5 Plaza Business Centre Dandenong, Level 5 Plaza Business Centre Dandenong","No","0.6","International student data 14/01/2018",145.215,-37.9871,0,0,2,0,1,1,0,0,0,1,0,2,0,2,0,0,1,0,0,0,0,0,0,0,2,0,2,0,6,9,1,0,0,4,0,9,3,23,1,4
"Monash University, City Campus","c(-37.8167, 144.965)","Higher Education","00008C","Monash University (Monash)","Monash University","Monash City","No","0.4","International student data 14/01/2018",144.965,-37.8167,0,0,2,0,1,1,0,0,0,1,0,2,0,2,0,0,1,0,0,0,0,0,0,0,2,0,2,0,6,9,1,0,0,4,0,9,3,23,1,4
"Australian Careers Education, Victoria Street Campus","c(-37.7664, 144.958)","All sectors","03219A","Australian Careers Education Pty. Ltd.","Australian Careers Education","Australian Careers Education, 347-351 Victoria Street","No","0.6","International student data 14/01/2018",144.958,-37.7664,0,0,2,0,1,1,0,0,0,1,0,2,0,2,0,0,1,0,0,0,0,0,0,0,2,0,2,0,6,9,1,0,0,4,0,9,3,23,1,4
"Melbourne Polytechnic, Brunswick Campus","c(-37.8525, 144.998)","Higher Education","00724G","Melbourne Polytechnic","Melbourne Polytechnic","Melbourne Polytechnic, 144 High St Prahran","No","0.4","International student data 14/01/2018",144.998,-37.8525,0,0,2,0,1,1,0,0,0,1,0,2,0,2,0,0,1,0,0,0,0,0,0,0,2,0,2,0,6,9,1,0,0,4,0,9,3,23,1,4
"Hospitality Management Institute of Australia","c(-37.801, 144.898)","All sectors","02741B","Technical Education Australia Pty Ltd","Hospitality Management Institute of Australia, Business College of Australia","Hospitality Management Institute of Australia, Business College of Australia, Suite 40, Metrowest Plaza, 27 Albert Street, Footscray  VIC  3011","No","0.4","International student data 14/01/2018",144.898,-37.801,0,0,2,0,1,1,0,0,0,1,0,2,0,2,0,0,1,0,0,0,0,0,0,0,2,0,2,0,6,9,1,0,0,4,0,9,3,23,1,4
"Angad Australian Institute of Technology, La Trobe st Campus","c(-37.8125, 144.954)","VET","02970M","Angad Australian Institute of Technology Pty Ltd","Angad Australian Institute of Technology Pty Ltd,Level 5, 501 LaTrobe Street, Melbourne VIC  3000","Angad Australian Institute of Technology Pty Ltd,Level 5, 501 LaTrobe Street, Melbourne VIC  3000, Level 5, 501 LaTrobe Street, Melbourne VIC  3000","No","0.4","International student data 14/01/2018",144.954,-37.8125,0,0,2,0,1,1,0,0,0,1,0,2,0,2,0,0,1,0,0,0,0,0,0,0,2,0,2,0,6,9,1,0,0,4,0,9,3,23,1,4
"Barkly International College","c(-37.7937, 144.938)","All sectors","03136D","Barkly International College Pty. Ltd.","Barkly International College","Mark Street","No","0.4","International student data 14/01/2018",144.938,-37.7937,0,0,2,0,1,1,0,0,0,1,0,2,0,2,0,0,1,0,0,0,0,0,0,0,2,0,2,0,6,9,1,0,0,4,0,9,3,23,1,4
"Lonsdale Institute, Eurocentres Melbourne","c(-37.8171, 144.965)","VET","02836F","Lonsdale Institute Pty Ltd","Lonsdale Institute Pty Ltd","Lonsdale Institute Pty Ltd, Level 5, 277 Flinders Lane","No","0.7","International student data 14/01/2018",144.965,-37.8171,0,0,2,0,1,1,0,0,0,1,0,2,0,2,0,0,1,0,0,0,0,0,0,0,2,0,2,0,6,9,1,0,0,4,0,9,3,23,1,4
"Global Business College Of Australia ","c(-37.8111, 144.959)","VET","03443D","Global Business College Of Australia Pty Ltd","Global Business College Of Australia Pty Ltd","Global Business College Of Australia Pty Ltd, Level 2 337 La Trobe Street","No","0.6","International student data 14/01/2018",144.959,-37.8111,0,0,2,0,1,1,0,0,0,1,0,2,0,2,0,0,1,0,0,0,0,0,0,0,2,0,2,0,6,9,1,0,0,4,0,9,3,23,1,4
"Holmesglen, Holmesglen Institute, City Campus","c(-37.8299, 144.971)","All sectors","00012G","Holmesglen Institute","Holmesglen, Holmesglen Institute","City Campus","No","0.4","International student data 14/01/2018",144.971,-37.8299,0,0,2,0,1,1,0,0,0,1,0,2,0,2,0,0,1,0,0,0,0,0,0,0,2,0,2,0,6,9,1,0,0,4,0,9,3,23,1,4
"Melbourne Rudolf Steiner Seminar","c(-37.7762, 145.245)","All sectors","01812M","Melbourne Rudolf Steiner Seminar Limited","Melbourne Rudolf Steiner Seminar Limited,Melbourne Rudolf Steiner Seminar Limited","Melbourne Rudolf Steiner Seminar Limited","No","0.7","International student data 14/01/2018",145.245,-37.7762,0,0,2,0,1,1,0,0,0,1,0,2,0,2,0,0,1,0,0,0,0,0,0,0,2,0,2,0,6,9,1,0,0,4,0,9,3,23,1,4
"Institute of Health and Nursing Australia","c(-37.7472, 145.058)","VET","03386G","Health Careers International Pty Ltd","Institute of Health and Nursing Australia","Institute of Health and Nursing Australia, 597-599 Upper Heidelberg Rd","No","0.4","International student data 14/01/2018",145.058,-37.7472,0,0,2,0,1,1,0,0,0,1,0,2,0,2,0,0,1,0,0,0,0,0,0,0,2,0,2,0,6,9,1,0,0,4,0,9,3,23,1,4
"RMIT English Worldwide","c(-37.8135, 144.966)","ELICOS","01912G","RMIT Training Pty Ltd","RMIT English Worldwide","RMIT English Worldwide, RMIT English Worldwide 235 - 251 Bourke Street","No","1.2","International student data 14/01/2018",144.966,-37.8135,0,0,2,0,1,1,0,0,0,1,0,2,0,2,0,0,1,0,0,0,0,0,0,0,2,0,2,0,6,9,1,0,0,4,0,9,3,23,1,4
"Everest Institute of Education","c(-37.6673, 145.011)","VET","03374A","Everest Institute of Education Pty Ltd","Everest Institute of Education Pty Ltd,Lalor, 34 Robert Street","Everest Institute of Education Pty Ltd,Lalor, 34 Robert Street, Lalor, 34 Robert Street","No","0.4","International student data 14/01/2018",145.011,-37.6673,0,0,2,0,1,1,0,0,0,1,0,2,0,2,0,0,1,0,0,0,0,0,0,0,2,0,2,0,6,9,1,0,0,4,0,9,3,23,1,4
"Australian Education Academy ,10 Blissington Street, Springvale","c(-37.9338, 145.152)","All sectors","02633F","Australian Education Academy Pty Ltd","Australian Education Academy Pty Ltd,10 Blissington Street, Springvale","Australian Education Academy Pty Ltd,10 Blissington Street, Springvale, 10 Blissington Street, Springvale","No","0.4","International student data 14/01/2018",145.152,-37.9338,0,0,2,0,1,1,0,0,0,1,0,2,0,2,0,0,1,0,0,0,0,0,0,0,2,0,2,0,6,9,1,0,0,4,0,9,3,23,1,4
"William Angliss Institute","c(-37.8131, 144.953)","Higher Education","01505M","William Angliss Institute of TAFE","William Angliss Institute","William Angliss Institute of TAFE","No","2","International student data 14/01/2018",144.953,-37.8131,0,0,2,0,1,1,0,0,0,1,0,2,0,2,0,0,1,0,0,0,0,0,0,0,2,0,2,0,6,9,1,0,0,4,0,9,3,23,1,4
"AAPoly, AMI Education","c(-37.8164, 144.955)","Higher Education","02439G","Academies Australasia Polytechnic Pty Limited","AAPoly, AMI Education","AAPoly, AMI Education, Level G, 1, 7 & 8, 628 Bourke Street, Melbourne","No","1.6","International student data 14/01/2018",144.955,-37.8164,0,0,2,0,1,1,0,0,0,1,0,2,0,2,0,0,1,0,0,0,0,0,0,0,2,0,2,0,6,9,1,0,0,4,0,9,3,23,1,4
"St. Peters Institute","c(-37.816, 144.963)","All sectors","03167G","Angel United Group Pty. Ltd.","St. Peters Institute","St. Peters Institute, Level 4, 416-147, 373 Little Collins St, Melbourne","No","0.4","International student data 14/01/2018",144.963,-37.816,0,0,2,0,1,1,0,0,0,1,0,2,0,2,0,0,1,0,0,0,0,0,0,0,2,0,2,0,6,9,1,0,0,4,0,9,3,23,1,4
"Greenwich English College, Melbourne","c(-37.8183, 144.954)","All sectors","02672K","Greenwich English College Pty Ltd","Greenwich English College, Greenwich Management College","Greenwich English College, Greenwich Management College, Level 8 120 Spencer St","No","1.1","International student data 14/01/2018",144.954,-37.8183,0,0,2,0,1,1,0,0,0,1,0,2,0,2,0,0,1,0,0,0,0,0,0,0,2,0,2,0,6,9,1,0,0,4,0,9,3,23,1,4
"Della International College, City Campus","c(-37.8096, 144.959)","VET","02716C","Della International College Pty Ltd","Della International College Pty Ltd","Della International College Pty Ltd","No","0.8","International student data 14/01/2018",144.959,-37.8096,0,0,2,0,1,1,0,0,0,1,0,2,0,2,0,0,1,0,0,0,0,0,0,0,2,0,2,0,6,9,1,0,0,4,0,9,3,23,1,4
"Orange International College","c(-37.8171, 144.96)","VET","03446A","ORANGE INTERNATIONAL COLLEGE PTY LTD","Orange International College","Collins Street Melbourne","No","0.8","International student data 14/01/2018",144.96,-37.8171,0,0,2,0,1,1,0,0,0,1,0,2,0,2,0,0,1,0,0,0,0,0,0,0,2,0,2,0,6,9,1,0,0,4,0,9,3,23,1,4
"Holmesglen, Holmesglen Institute, Waverley Campus","c(-37.8875, 145.153)","VET","00012G","Holmesglen Institute","Holmesglen, Holmesglen Institute","Waverley Campus","No","0.8","International student data 14/01/2018",145.153,-37.8875,0,0,2,0,1,1,0,0,0,1,0,2,0,2,0,0,1,0,0,0,0,0,0,0,2,0,2,0,6,9,1,0,0,4,0,9,3,23,1,4
"The University of Melbourne","c(-37.797, 144.965)","All sectors","00116K","The University of Melbourne (UniMelb)","The University of Melbourne (UniMelb),The University of Melbourne","The University of Melbourne","No","0.4","International student data 14/01/2018",144.965,-37.797,0,0,2,0,1,1,0,0,0,1,0,2,0,2,0,0,1,0,0,0,0,0,0,0,2,0,2,0,6,9,1,0,0,4,0,9,3,23,1,4
"Baxter Institute, Fabrication campus","c(-37.8002, 144.941)","All sectors","02233M","Sheila Baxter Training Centre Pty Ltd","Baxter Institute","Baxter Institute, 201 Arden Street, 201 Arden Street","No","1","International student data 14/01/2018",144.941,-37.8002,0,0,0,0,0,0,0,0,0,0,0,0,0,0,0,0,0,0,0,0,0,0,0,0,0,0,0,0,0,0,0,0,0,0,0,0,0,53,0,0
"Academia International, Melbourne Campus","c(-37.8143, 144.964)","All sectors","02634E","Australian Academy of Vocational Education and Trades Pty Ltd","Academia International & Academia Australia","Academia International & Academia Australia, Academia Melbourne, 152 Elizabeth St, Melbourne","No","0.4","International student data 14/01/2018",144.964,-37.8143,0,0,0,0,0,0,0,0,0,0,0,0,0,0,0,0,0,0,0,0,0,0,0,0,0,0,0,0,0,0,0,0,0,0,0,0,53,0,0,0
"AAPoly, Melbourne Campus","c(-37.8055, 144.963)","All sectors","02439G","Academies Australasia Polytechnic Pty Limited","AAPoly, AMI Education","Swanston Street","No","1.2","International student data 14/01/2018",144.963,-37.8055,0,0,0,0,0,0,0,0,0,0,0,0,0,0,0,0,0,0,0,0,0,0,0,0,0,0,0,0,0,0,0,0,0,0,0,0,0,53,0,0
"AOI Institute","c(-37.812, 144.97)","VET","02679C","Australian Online Institute Pty Ltd","AOI Institute","AOI Institute, 108 Bourke Street","No","0.4","International student data 14/01/2018",144.97,-37.812,0,0,0,0,0,0,0,0,0,0,0,0,0,0,0,0,0,0,0,0,0,0,0,0,0,0,0,0,0,0,0,0,0,0,0,0,0,53,0,0
"Australian Academy of Fashion Design","c(-37.8006, 144.985)","Higher Education","02201G","Academy of Design Australia Limited","Academy of Design Australia","Academy of Design Australia Limited","No","0.4","International student data 14/01/2018",144.985,-37.8006,0,0,0,0,0,0,0,0,0,0,0,0,0,0,0,0,0,0,0,0,0,0,0,0,0,0,0,0,0,0,0,0,0,0,0,0,0,0,0,53
"Australian Careers Education, Donald Street Campus (Aurora Building)","c(-37.759, 144.978)","VET","03219A","Australian Careers Education Pty. Ltd.","Australian Careers Education","Donald Street","No","0.9","International student data 14/01/2018",144.978,-37.759,0,0,0,0,0,0,0,0,0,0,0,0,0,0,0,0,0,0,0,0,0,0,0,0,0,0,0,0,0,0,0,0,0,0,0,0,0,53,0,0
"Australian College of Applied Psychology, ACAP - Melbourne Campus","c(-37.8175, 144.964)","All sectors","01328A","Navitas Professional Institute Pty Ltd","Australian College of Applied Psychology, Navitas College of Public Safety","NPI Pty Ltd (ACAP, NCPS) Melbourne Campus","No","0.4","International student data 14/01/2018",144.964,-37.8175,0,0,0,0,0,0,0,0,0,0,0,0,0,0,0,0,0,0,0,0,0,0,0,0,0,0,0,0,0,0,0,0,0,53,0,0,0,0,0,0
"Australian College of Sport, Basketball, Melbourne Campus","c(-37.8394, 144.967)","All sectors","03052G","Golf Education Australia Pty Ltd","Australian College of Sport","Australian College of Sport, 1 Aughtie Drive, Albert Park, VIC 3206","No","0.4","International student data 14/01/2018",144.967,-37.8394,0,0,0,0,0,0,0,0,0,0,0,0,0,0,0,0,0,0,0,53,0,0,0,0,0,0,0,0,0,0,0,0,0,0,0,0,0,0,0,0
"Australian College of Sport, Basketball, Melbourne Campus","c(-37.8251, 144.972)","VET","03071E","Australian Learning Group Pty Ltd","Australian College of Sport & Fitness, Australian College of Dance, NSW School of Massage, Learn Australia Direct","Australian Learning Group - Melbourne University Campus","No","0.4","International student data 14/01/2018",144.972,-37.8251,0,0,0,0,0,0,0,0,0,0,0,0,0,0,0,0,0,0,0,0,0,0,0,0,0,0,0,0,0,0,0,0,0,0,0,0,0,53,0,0
"Australian College of Trade, Thornbury Campus","c(-37.7548, 145.001)","All sectors","03082B","Australian College of Trade Pty Ltd","Australian College of Trade Pty Ltd","Australian College of Trade Pty Ltd","No","0.6","International student data 14/01/2018",145.001,-37.7548,0,0,0,0,0,0,0,0,0,0,0,0,0,0,0,0,0,0,0,0,0,0,0,0,0,0,0,0,0,0,0,0,0,53,0,0,0,0,0,0
"Australian Institute of Translation & Interpretation (AITI), Melbourne Campus","c(-37.8182, 144.962)","VET","02692F","Australian Institute of Translation and Interpretation Pty Ltd","Australian Institution of T & I","Australian Institution of T & I, Level 8, 20 Queen Street, MELBOURNE","No","0.8","International student data 14/01/2018",144.962,-37.8182,0,0,0,0,0,0,0,0,0,0,0,0,0,0,0,0,0,0,0,0,0,0,0,0,0,0,0,0,53,0,0,0,0,0,0,0,0,0,0,0
"Australian Institute of Technical Training  (AITT), Melbourne Campus","c(-37.8193, 144.958)","All sectors","02868J","Australian Institute of Technical Training Pty Ltd","Australian Institute of Technical Training Pty Ltd","Australian Institute of Technical Training Pty Ltd, 3A, 475 Flinders Lane","No","0.8","International student data 14/01/2018",144.958,-37.8193,0,0,0,0,0,0,0,0,0,0,0,0,0,0,0,0,0,0,0,0,0,0,0,0,0,0,0,0,0,0,0,0,0,0,0,0,0,53,0,0
"Australian IT & Hospitality Institute, Footscray Campus","c(-37.8006, 144.896)","VET","02254F","MACQUARIE INSTITUTE OF EDUCATION & TRAINING.","International Institute for Professional Development","Footscray","No","0.7","International student data 14/01/2018",144.896,-37.8006,0,0,0,0,0,0,0,0,0,0,0,0,0,0,0,0,53,0,0,0,0,0,0,0,0,0,0,0,0,0,0,0,0,0,0,0,0,0,0,0
"ALTEC College, Melbourne Campus","c(-37.8371, 144.976)","All sectors","02926D","Pass Global Pty Ltd","Australian Learning, Training & Education Centre","Pass Global Pty Ltd","No","1.1","International student data 14/01/2018",144.976,-37.8371,0,0,0,0,0,0,0,0,0,0,0,0,0,0,0,0,0,0,0,0,0,0,0,0,0,0,0,0,0,0,0,0,0,0,0,0,0,53,0,0
"Australian National College, Franklin Street Campus","c(-37.8078, 144.961)","All sectors","03009M","Australian National College Pty Ltd","Australian National College Pty Ltd","Franklin Street","No","1.7","International student data 14/01/2018",144.961,-37.8078,0,0,0,0,0,0,0,0,0,0,0,0,0,0,0,0,0,0,0,0,0,0,0,0,0,0,0,0,0,53,0,0,0,0,0,0,0,0,0,0
"Australian National Institute of Business & Technology (ANIBT), Melbourne Campus","c(-37.7688, 144.959)","All sectors","02506B","Australian National Institute of Business & Technology Pty Ltd","Australian National Institute of Business & Technology","Brunswick - Hospitality","No","0.9","International student data 14/01/2018",144.959,-37.7688,0,0,0,0,0,0,0,0,0,0,0,0,0,0,0,0,0,0,0,0,0,0,0,0,0,0,0,0,0,0,0,0,0,0,0,0,26,26,0,0
"Australian National Institute of Business & Technology (ANIBT), Melbourne Campus","c(-37.8199, 144.958)","VET","02506B","Australian National Institute of Business & Technology Pty Ltd","Australian National Institute of Business & Technology","Australian National Institute of Business & Technology Pty Ltd","No","0.4","International student data 14/01/2018",144.958,-37.8199,0,0,0,0,0,0,0,0,0,0,0,0,0,0,0,0,0,0,0,0,0,0,0,0,0,0,0,0,0,0,0,0,0,0,0,0,26,26,0,0
"Australian Pacific College, Melbourne Campus","c(-37.8125, 144.961)","All sectors","01331F","Young Rabbit Pty Ltd","Australian Pacific College, Southern Cross High School, English Unlimited Sydney, English Unlimited Melbourne","Australian Pacific College, Southern Cross High School, English Unlimited Sydney, English Unlimited Melbourne, Level 4 398 Lonsdale Street","No","1.1","International student data 14/01/2018",144.961,-37.8125,0,0,0,0,0,0,0,0,0,0,0,0,0,0,0,0,0,0,0,0,0,0,0,0,0,0,0,0,0,0,0,0,0,0,0,0,53,0,0,0
"AVETA - Australian Vocational Education & Training Academy","c(-37.8177, 144.962)","VET","02826G","SRAGILL Pty Ltd","AVETA - Australian Vocational Education & Training Academy","AVETA - Australian Vocational Education & Training Academy, 51 Queen Street","No","0.4","International student data 14/01/2018",144.962,-37.8177,0,0,0,0,0,0,0,0,0,0,0,0,0,0,0,0,0,0,0,0,0,0,0,0,0,0,0,0,0,0,0,0,0,0,0,53,0,0,0,0
"Baxter Institute, Hairdressing and Beauty Campus (Flinders Street)","c(-37.8161, 144.971)","VET","02233M","Sheila Baxter Training Centre Pty Ltd","Baxter Institute","Baxter Institute, 100 Flinders Street","No","1.5","International student data 14/01/2018",144.971,-37.8161,0,0,0,0,0,0,0,0,0,0,0,0,0,0,0,0,0,0,0,0,0,0,0,0,0,0,0,0,0,0,0,0,0,0,0,0,0,59,0,0
"Baxter Institute, Hairdressing and Beauty Campus (Flinders Street)","c(-37.8164, 144.97)","All sectors","02233M","Sheila Baxter Training Centre Pty Ltd","Baxter Institute","Baxter Institute, 134 Flinders Street","No","0.4","International student data 14/01/2018",144.97,-37.8164,0,0,0,0,0,0,0,0,0,0,0,0,0,0,0,0,0,0,0,0,0,0,0,0,0,0,0,0,0,0,0,0,0,0,0,0,0,59,0,0
"Beaconhills College","c(-38.0624, 145.471)","All sectors","03182J","Beaconhills Christian College Ltd","Beaconhills College","Beaconhills Christian College Ltd","Yes","0.6","International student data 14/01/2018",145.471,-38.0624,0,0,0,0,0,0,0,0,0,0,0,0,0,0,0,0,0,0,0,0,0,0,0,0,0,0,0,0,0,0,0,0,0,0,0,0,0,53,0,0
"Bendigo TAFE, Bendigo","c(-36.7563, 144.284)","All sectors","01218G","Bendigo Kangan Institute","Bendigo TAFE; and Kangan Institute","Bendigo","Yes","0.4","International student data 14/01/2018",144.284,-36.7563,0,0,53,0,0,0,0,0,0,0,0,0,0,0,0,0,0,0,0,0,0,0,0,0,0,0,0,0,0,0,0,0,0,0,0,0,0,0,0,0
"Biba Academy, Swantson street Campus","c(-37.7989, 144.983)","All sectors","01709K","Biba Academy of Hair & Beauty Pty Ltd","Biba Academy of Hairdressing","Biba Academy of Hair & Beauty Pty Ltd","No","0.4","International student data 14/01/2018",144.983,-37.7989,0,0,0,0,0,0,0,0,0,0,0,0,0,0,0,0,0,0,0,0,0,0,0,0,0,0,0,0,0,0,0,0,0,0,0,53,0,0,0,0
"Brighton Institute of Technology","c(-37.8143, 144.962)","VET","02552G","Brighton Educational Services Pty Ltd","Brighton Institute of Technology","Bourke Street","No","0.6","International student data 14/01/2018",144.962,-37.8143,0,0,0,0,0,0,0,0,0,0,0,0,0,0,0,0,0,0,0,0,0,0,0,0,0,0,0,0,0,0,0,0,0,0,0,0,53,0,0,0
"Central Australian College (CAC), Melbourne Campus","c(-37.8009, 144.884)","VET","03217C","Central Australian Institute of Technology Pty Ltd","Central Australian College","Central Australian Institute of Technology Pty Ltd","No","1","International student data 14/01/2018",144.884,-37.8009,0,0,0,0,0,0,0,0,0,0,0,0,0,0,0,0,0,0,0,0,0,0,0,0,0,0,0,0,0,0,0,0,0,0,0,0,0,53,0,0
"Box Hill Institute, City Campus","c(-37.8169, 144.966)","Higher Education","02411J","Box Hill Institute","Box Hill Institute","City Campus","No","0.4","International student data 14/01/2018",144.966,-37.8169,0,0,0,0,0,0,0,0,0,0,0,0,0,0,0,0,0,0,0,0,0,0,0,0,0,0,0,0,0,53,0,0,0,0,0,0,0,0,0,0
"Collarts - Australian College of the Arts","c(-37.8263, 144.943)","Higher Education","03392K","Australian College of the Arts Pty Ltd","Collarts","Collarts, 55 Brady St, South Melbourne, VIC","No","0.4","International student data 14/01/2018",144.943,-37.8263,0,0,0,0,0,0,0,0,0,0,0,0,0,0,0,0,0,0,0,0,0,0,0,0,0,0,0,0,0,0,0,0,0,53,0,0,0,0,0,0
"Della International College, Sunshine Campus","c(-37.7808, 144.828)","All sectors","02716C","Della International College Pty Ltd","Della International College Pty Ltd","Sunshine Campus","No","0.6","International student data 14/01/2018",144.828,-37.7808,0,0,0,0,0,0,0,0,0,0,0,0,0,0,0,0,0,0,0,0,0,0,0,0,0,0,0,0,0,0,0,0,0,0,0,0,0,53,0,0
"East West College Of Natural Therapies","c(-37.8951, 145.021)","All sectors","02394E","Shiatsu Australia Educational Services Pty Ltd","East West College","Shiatsu Australia Educational Services Pty Ltd","No","0.4","International student data 14/01/2018",145.021,-37.8951,0,0,0,0,0,0,0,0,0,53,0,0,0,0,0,0,0,0,0,0,0,0,0,0,0,0,0,0,0,0,0,0,0,0,0,0,0,0,0,0
"Education Access Australia","c(-37.8074, 144.944)","All sectors","02450B","Education Access (Australia) Pty Ltd","Education Access Australia","Abbotsford Street","No","0.7","International student data 14/01/2018",144.944,-37.8074,0,0,0,0,0,0,0,0,0,0,0,0,0,0,0,0,0,0,0,0,0,0,0,0,0,0,0,0,0,0,0,0,0,0,0,0,53,0,0,0
"Education Training & Employment Australia, ETEA","c(-37.756, 145.066)","VET","02925E","Education Training & Employment Australia Pty Ltd","Education Training & Employment Australia Pty Ltd","Education Training & Employment Australia Pty Ltd","No","0.6","International student data 14/01/2018",145.066,-37.756,0,0,0,0,0,0,0,0,0,0,0,0,0,0,0,0,0,0,0,0,0,0,0,0,0,0,0,0,0,0,0,0,0,0,0,53,0,0,0,0
"Elly Lukas Beauty Therapy College","c(-37.8177, 144.963)","All sectors","01867G","Australian Education Group Pty Ltd","Elly Lukas Beauty Therapy College","Australian Education Group Pty Ltd","No","0.4","International student data 14/01/2018",144.963,-37.8177,0,0,0,0,53,0,0,0,0,0,0,0,0,0,0,0,0,0,0,0,0,0,0,0,0,0,0,0,0,0,0,0,0,0,0,0,0,0,0,0
"ELSIS, Melbourne Campus","c(-37.813, 144.961)","ELICOS","02644C","Education Centre of Australia Pty Ltd","ECA College; The English Language School in Sydney (ELSIS)","Melbourne","No","1.1","International student data 14/01/2018",144.961,-37.813,0,0,0,0,0,0,0,0,0,0,0,0,0,0,0,0,0,0,0,0,0,0,0,0,0,0,0,0,0,0,53,0,0,0,0,0,0,0,0,0
"Endeavour College of Natural Health, Melbourne Campus","c(-37.81, 144.961)","All sectors","00231G","Australian College of Natural Medicine Pty Ltd","Endeavour College of Natural Health, College of Natural Beauty, FIAFitnation","Melbourne (Victoria)","No","0.4","International student data 14/01/2018",144.961,-37.81,0,0,0,0,0,0,0,0,0,0,0,0,0,0,0,0,0,0,0,0,0,0,0,0,0,0,0,0,0,0,0,0,0,0,0,0,0,53,0,0
"Royal Gurkhas Institute of Technology Australia (RGIT)","c(-37.8173, 144.965)","VET","03002G","OAKHILL EDUCATION GROUP AUSTRALIA PTY LTD","Royal Gurkhas Institute of Technology (RGIT) Australia","Royal Gurkhas Institute of Technology (RGIT) Australia, 28-32 Elizabeth Street, Melbourne VIC 3000","No","0.4","International student data 14/01/2018",144.965,-37.8173,0,0,0,0,0,0,0,0,0,0,0,0,0,0,0,0,0,0,0,0,0,0,0,0,0,0,0,0,0,0,0,0,0,0,0,0,0,53,0,0
"Melbourne University, Hawthorn English Language Centre","c(-37.8373, 145.042)","All sectors","02931G","Hawthorn Learning Pty Ltd","Hawthorn-Melbourne","Hawthorn Learning Pty Ltd","No","1","International student data 14/01/2018",145.042,-37.8373,0,0,0,0,0,0,0,0,0,0,0,0,0,0,0,0,0,0,0,0,0,0,0,0,0,0,0,0,0,0,53,0,0,0,0,0,0,0,0,0
"Hays International College","c(-37.8319, 145.131)","VET","02790D","Hays International College Pty Ltd","Hays International College Pty Ltd, Hays International College","Hays International College Pty Ltd","No","0.9","International student data 14/01/2018",145.131,-37.8319,0,0,0,0,0,0,0,0,0,0,0,0,0,0,0,0,0,0,0,0,53,0,0,0,0,0,0,0,0,0,0,0,0,0,0,0,0,0,0,0
"Heading Out Academy","c(-37.7983, 144.979)","All sectors","03394G","Benleader Pty Ltd","Victorian International Academy","Victorian International Academy, 131 Johnston Street Fitzroy","No","0.4","International student data 14/01/2018",144.979,-37.7983,0,0,0,0,0,0,0,0,0,0,0,0,0,0,0,0,0,0,0,0,0,0,0,0,0,0,0,0,53,0,0,0,0,0,0,0,0,0,0,0
"Headmasters Advanced Academy of Training","c(-37.8103, 144.972)","All sectors","01859G","Headmasters Academy Pty Ltd","Headmasters Advanced Academy Training, Beautymasters, Fashionmasters","Headmasters Academy Pty Ltd","No","0.4","International student data 14/01/2018",144.972,-37.8103,0,0,0,0,0,0,0,0,0,0,0,0,0,0,0,0,0,0,0,0,0,0,0,0,0,0,0,0,0,0,0,0,0,0,0,0,0,53,0,0
"Holmesglen Institute, Holmesglen Moorabbin Campus","c(-37.9354, 145.05)","VET","02380M","Le Cordon Bleu Australia Pty Limited","Le Cordon Bleu Australia Pty Limited","Holmesglen Moorabbin Campus","No","0.6","International student data 14/01/2018",145.05,-37.9354,0,0,0,0,0,0,0,0,0,0,0,0,0,0,0,0,0,0,0,0,0,0,0,0,0,0,0,0,0,0,53,0,0,0,0,0,0,0,0,0
"Impact English College, Melbourne Campus","c(-37.8163, 144.955)","All sectors","02995B","Impact English College Pty Ltd","Impact English College Pty Ltd","Impact English College Pty Ltd, Level 5, 620 Bourke Street","No","1.8","International student data 14/01/2018",144.955,-37.8163,0,0,0,0,0,0,0,0,0,0,0,0,0,0,0,0,0,0,0,0,0,0,0,0,0,0,0,0,0,53,0,0,0,0,0,0,0,0,0,0
"Imperial College of Technology and Management","c(-37.8007, 144.993)","All sectors","02858M","BJSB Pty Ltd","The Imperial College of Australia","Abbotsford","No","0.6","International student data 14/01/2018",144.993,-37.8007,0,0,0,0,0,0,0,0,0,0,0,0,0,0,0,0,0,0,0,0,0,0,0,0,0,0,0,0,0,0,0,0,0,53,0,0,0,0,0,0
"Australian Institute of Trades, Institute of Hotel Management Australia","c(-37.8183, 144.998)","VET","02601C","Australian Institute of Trades Pty Ltd as Trustee for the Institute of Hotel Management Australia","Institute of Hotel Management Australia","Institute of Hotel Management Australia, Suite 33 & 33a 261 Bridge Rd","No","0.4","International student data 14/01/2018",144.998,-37.8183,0,0,0,0,0,0,0,0,0,0,0,0,0,0,0,0,0,0,0,0,0,0,0,0,0,0,0,0,0,0,0,0,0,53,0,0,0,0,0,0
"INUS Australia Education and Training","c(-37.8165, 144.961)","ELICOS","03341K","INUS Australia Pty Ltd","INUS Australia Education and Training","INUS Australia Pty Ltd","No","0.6","International student data 14/01/2018",144.961,-37.8165,0,0,0,0,0,0,0,0,0,0,0,0,0,0,0,0,0,0,0,0,0,0,0,0,0,0,0,0,0,0,0,0,0,0,0,0,53,0,0,0
"JMC Academy","c(-37.8341, 144.962)","All sectors","01259J","JMC Pty Limited","JMC Academy","Melbourne","No","0.4","International student data 14/01/2018",144.962,-37.8341,0,0,0,0,0,0,0,0,0,0,0,0,0,0,0,0,0,0,0,0,0,0,0,0,0,0,0,0,0,0,0,0,0,0,0,53,0,0,0,0
"Kangan Batman Institute of TAFE, Richmond","c(-37.8293, 144.993)","VET","01218G","Bendigo Kangan Institute","Bendigo TAFE; and Kangan Institute","Richmond","No","0.4","International student data 14/01/2018",144.993,-37.8293,0,0,0,0,0,0,0,0,0,0,0,0,0,0,0,0,0,0,0,0,0,0,0,0,0,0,0,0,0,0,0,0,0,0,0,0,0,59,0,0
"Kangan Batman Institute of TAFE, Docklands","c(-37.8222, 144.948)","ELICOS","01218G","Bendigo Kangan Institute","Bendigo TAFE; and Kangan Institute","Docklands","No","0.4","International student data 14/01/2018",144.948,-37.8222,0,0,0,0,0,0,0,0,0,0,0,0,0,0,0,0,0,0,0,0,0,0,0,0,0,0,0,0,0,0,0,0,0,0,0,0,0,59,0,0
"Kangan Institute, Moonee Ponds Campus","c(-37.766, 144.923)","All sectors","01218G","Bendigo Kangan Institute","Bendigo TAFE; and Kangan Institute","Moonee Ponds Campus","No","0.6","International student data 14/01/2018",144.923,-37.766,0,0,0,0,0,0,0,0,0,0,0,0,0,0,0,0,53,0,0,0,0,0,0,0,0,0,0,0,0,0,0,0,0,0,0,0,0,0,0,0
"Kaplan Business School ","c(-37.8129, 144.942)","Higher Education","02426B","Kaplan Business School Pty Ltd","Kaplan Business School Pty Ltd","Kaplan Business School Pty Ltd, 370 Docklands Drive, Docklands","No","0.6","International student data 14/01/2018",144.942,-37.8129,0,0,0,0,0,0,0,0,0,0,0,0,0,0,0,0,0,0,0,0,0,0,0,0,0,0,0,0,0,0,0,0,0,53,0,0,0,0,0,0
"La Trobe University, City Campus (Collins Street), City Campus (Collins Street)","c(-37.816, 144.962)","Higher Education","00115M","La Trobe University (La Trobe)","La Trobe University","City Campus (Collins Street)","No","0.4","International student data 14/01/2018",144.962,-37.816,0,0,0,0,0,9,0,0,0,0,0,0,0,0,0,0,0,0,0,0,0,0,0,0,0,0,9,0,0,0,0,0,0,20,0,9,0,0,9,0
"La Trobe University, Bendigo Campus","c(-36.7812, 144.296)","Higher Education","00115M","La Trobe University (La Trobe)","La Trobe University","Bendigo Campus","Yes","0.4","International student data 14/01/2018",144.296,-36.7812,0,0,0,0,0,9,0,0,0,0,0,0,0,0,0,0,0,0,0,0,0,0,0,0,0,0,9,0,0,0,0,0,0,20,0,9,0,0,9,0
"La Trobe University, Shepparton Campus","c(-36.3808, 145.406)","All sectors","00115M","La Trobe University (La Trobe)","La Trobe University","Shepparton Campus","Yes","0.4","International student data 14/01/2018",145.406,-36.3808,0,0,0,0,0,9,0,0,0,0,0,0,0,0,0,0,0,0,0,0,0,0,0,0,0,0,9,0,0,0,0,0,0,20,0,9,0,0,9,0
"La Trobe University, Mildura Campus","c(-34.2048, 142.168)","Higher Education","00115M","La Trobe University (La Trobe)","La Trobe University","Mildura Campus","Yes","0.6","International student data 14/01/2018",142.168,-34.2048,0,0,0,0,0,9,0,0,0,0,0,0,0,0,0,0,0,0,0,0,0,0,0,0,0,0,9,0,0,0,0,0,0,20,0,9,0,0,9,0
"La Trobe University, Albury-Wodonga Campus","c(-36.1121, 146.851)","All sectors","00115M","La Trobe University (La Trobe)","La Trobe University","Albury-Wodonga Campus","Yes","0.4","International student data 14/01/2018",146.851,-36.1121,0,0,0,0,0,9,0,0,0,0,0,0,0,0,0,0,0,0,0,0,0,0,0,0,0,0,9,0,0,0,0,0,0,20,0,9,0,0,9,0
"La Trobe University, Melbourne (Bundoora) Campus","c(-37.7256, 145.048)","Non-award","00115M","La Trobe University (La Trobe)","La Trobe University","Melbourne (Bundoora) Campus","No","1.1","International student data 14/01/2018",145.048,-37.7256,0,0,0,0,0,9,0,0,0,0,0,0,0,0,0,0,0,0,0,0,0,0,0,0,0,0,9,0,0,0,0,0,0,20,0,9,0,0,9,0
"Lawson College Australia","c(-37.9875, 145.215)","VET","03406J","Lawson College Australia Pty Ltd","Lawson College Australia","Lawson College Australia, Level 2, 228 - 234 Lonsdale Street Dandenong","No","0.4","International student data 14/01/2018",145.215,-37.9875,0,0,0,0,0,0,0,0,0,0,0,0,0,0,0,0,0,0,0,0,0,0,0,0,0,0,0,0,0,0,0,0,0,0,0,0,0,53,0,0
"Institute of Tertiary and Higher Education Australia (ITHEA)","c(-37.8166, 144.96)","All sectors","02892J","ITHEA Corporation Pty Ltd","Institute of Tertiary and Higher Education Australia","Institute of Tertiary and Higher Education Australia, Level 9-11, 168 Lonsdale Street, Melbourne, Level 9-11, 168 Lonsdale Street, Melbourne","No","0.4","International student data 14/01/2018",144.96,-37.8166,0,0,0,0,0,0,0,0,0,0,0,0,0,0,0,0,0,0,0,0,0,0,0,0,0,0,0,0,0,0,0,0,0,0,0,53,0,0,0,0
"Central Melbourne Institute (CMI), City Campus","c(-37.8149, 144.96)","VET","03351G","Malvern Institute Pty Ltd","Malvern International College, Central Melbourne Institute","Malvern International College, Central Melbourne Institute, 460 Bourke Street","No","0.4","International student data 14/01/2018",144.96,-37.8149,0,0,0,0,0,0,0,0,0,0,0,0,0,0,0,0,0,0,0,0,0,0,0,0,0,0,0,0,0,0,0,0,0,0,0,0,0,0,0,53
"Melbourne College of Hair and Beauty","c(-37.8176, 144.966)","VET","02886G","Melbourne College of Hairdressing Beauty Therapy & Natural Medicine Pty Ltd","Melbourne College of Hair and Beauty; Melbourne College of Training & Assessment","Melbourne College of Hairdressing Beauty Therapy & Natural Medicine Pty Ltd as Trustee for The Melbourne College Trust","No","0.6","International student data 14/01/2018",144.966,-37.8176,0,0,0,0,0,0,0,0,0,0,0,0,0,0,0,0,0,0,0,0,0,0,0,0,0,0,0,0,0,0,0,0,0,53,0,0,0,0,0,0
"Melbourne Flight Training","c(-37.9763, 145.095)","All sectors","02844F","Australian Pilot Training Alliance Pty Ltd","Melbourne Flight Training Pty Ltd","Melbourne Flight Training Pty Ltd","No","0.4","International student data 14/01/2018",145.095,-37.9763,0,0,0,0,0,0,0,0,0,0,0,0,0,0,0,0,0,0,0,0,0,0,0,0,0,0,0,0,0,0,0,0,0,53,0,0,0,0,0,0
"Melbourne Polytechnic, Preston Campus","c(-37.7424899, 144.9957097)","All sectors","02450B","Education Access (Australia) Pty Ltd","Education Access Australia","Education Access (Australia) Pty Ltd","No","0.4","International student data 14/01/2018",144.9957097,-37.7424899,0,0,0,0,0,0,0,0,0,0,0,0,0,0,0,0,0,0,0,0,0,0,0,0,0,0,0,0,0,0,0,0,0,0,0,0,0,0,0,53
"Melbourne School of Theology","c(-37.8601, 145.209)","All sectors","02650E","Australian College of Theology Limited","Australian College of Theology","Melbourne School of Theology","No","0.4","International student data 14/01/2018",145.209,-37.8601,0,0,0,0,0,0,0,0,0,0,0,0,0,0,0,0,0,0,0,0,0,0,0,0,0,0,0,0,53,0,0,0,0,0,0,0,0,0,0,0
"Menzies Institute of Technology, Batman Campus","c(-37.8111642, 144.9485787)","All sectors","02815M","Menzies Institute of Technology Pty Ltd","Menzies Institute of Technology","Menzies Institute of Technology, 510-516 LaTrobe Street Melbourne","No","0.6","International student data 14/01/2018",144.9485787,-37.8111642,0,0,0,0,0,0,0,0,0,0,0,0,0,0,0,0,0,0,0,0,0,0,0,0,0,0,0,0,0,0,0,0,0,0,0,0,0,62,0,0
"Menzies Institute of Technology, Spencer Campus","c(-37.8118699, 144.9505028)","All sectors","02815M","Menzies Institute of Technology Pty Ltd","Menzies Institute of Technology","Menzies Institute of Technology, Level 4 Spencer Street Melbourne","No","0.6","International student data 14/01/2018",144.9505028,-37.8118699,0,0,0,0,0,0,0,0,0,0,0,0,0,0,0,0,0,0,0,0,0,0,0,0,0,0,0,0,0,0,0,0,0,0,0,0,0,62,0,0
"Menzies Institute of Technology, Adderley Campus","c(-37.8109089, 144.9470756)","VET","02815M","Menzies Institute of Technology Pty Ltd","Menzies Institute of Technology","Menzies Institute of Technology, 102 Jeffcott Street Melbourne","No","0.8","International student data 14/01/2018",144.9470756,-37.8109089,0,0,0,0,0,0,0,0,0,0,0,0,0,0,0,0,0,0,0,0,0,0,0,0,0,0,0,0,0,0,0,0,0,0,0,0,0,62,0,0
"Melbourne Institute of Technology (Federation University), Melbourne Campus","c(-37.8102, 144.961)","Higher Education","01545C","Melbourne Institute of Technology Pty Ltd","MIT - Melbourne Institute of Technology","MIT - Melbourne Institute of Technology, 288 La Trobe St, Melbourne","No","1.3","International student data 14/01/2018",144.961,-37.8102,0,0,0,0,0,0,0,0,0,0,0,0,0,0,0,0,0,0,0,0,0,0,0,0,0,0,0,0,0,0,0,0,0,0,0,0,0,53,0,0
"Monash University, Parkville Campus (Manning Building)","c(-37.7841, 144.959)","Higher Education","00008C","Monash University (Monash)","Monash University","Monash Parkville","No","0.6","International student data 14/01/2018",144.959,-37.7841,0,0,0,0,0,0,0,0,0,0,0,0,0,0,0,0,0,0,0,0,0,0,0,0,0,0,0,0,0,0,0,0,0,0,0,53,0,0,0,0
"Monash University English Language Centre; Monash College, City Campus","c(-37.8131, 144.967)","ELICOS","01857J","Monash College Pty Ltd","Monash University English Language Centre; Monash College","City Campus","No","1.2","International student data 14/01/2018",144.967,-37.8131,0,0,0,0,0,0,0,0,0,0,0,0,0,0,0,0,0,0,0,0,0,0,0,0,0,0,0,0,0,0,0,0,0,0,0,0,0,53,0,0
"Monash College; Monash University English Language Centre","c(-37.9182, 145.13)","ELICOS","01857J","Monash College Pty Ltd","Monash University English Language Centre; Monash College","Monash International Pty Ltd","No","0.6","International student data 14/01/2018",145.13,-37.9182,0,0,0,0,0,0,0,0,0,0,0,0,0,0,0,0,0,0,0,0,0,0,0,0,0,0,0,0,53,0,0,0,0,0,0,0,0,0,0,0
"Monash International, Peninsula Campus","c(-38.1384, 145.139)","Higher Education","00008C","Monash University (Monash)","Monash University","Monash Peninsula","Yes","0.4","International student data 14/01/2018",145.139,-38.1384,0,0,0,0,0,0,0,0,0,0,0,0,0,0,0,0,0,0,0,0,0,0,0,0,0,0,0,0,0,0,0,0,0,13,0,13,0,0,0,30
"Monash University, Clayton Campus","c(-37.916, 145.139)","All sectors","00008C","Monash University (Monash)","Monash University","Monash Clayton","No","1.1","International student data 14/01/2018",145.139,-37.916,0,0,0,0,0,0,0,0,0,0,0,0,0,0,0,0,0,0,0,0,0,0,0,0,0,0,0,0,0,0,0,0,0,13,0,13,0,0,0,30
"Monash International, Berwick Campus","c(-38.0527, 145.34)","Higher Education","00008C","Monash University (Monash)","Monash University","Monash Berwick","No","0.4","International student data 14/01/2018",145.34,-38.0527,0,0,0,0,0,0,0,0,0,0,0,0,0,0,0,0,0,0,0,0,0,0,0,0,0,0,0,0,0,0,0,0,0,13,0,13,0,0,0,30
"Monash University, Caulfield Campus","c(-37.8765, 145.045)","All sectors","00008C","Monash University (Monash)","Monash University","Monash Caulfield","No","1","International student data 14/01/2018",145.045,-37.8765,0,0,0,0,0,0,0,0,0,0,0,0,0,0,0,0,0,0,0,0,0,0,0,0,0,0,0,0,0,0,0,0,0,13,0,13,0,0,0,30
"Moorabbin Flying Services","c(-37.9733, 145.09)","All sectors","02983F","J & J Aviation Pty Ltd","Moorabbin Flying Services","Moorabbin Airport","No","0.4","International student data 14/01/2018",145.09,-37.9733,0,0,0,0,0,0,0,0,0,0,0,0,0,0,0,0,0,0,0,0,0,0,0,0,0,0,0,0,0,53,0,0,0,0,0,0,0,0,0,0
"National Theatre (Drama & Ballet School)","c(-37.867, 144.981)","VET","01551E","Australian National Memorial Theatre Ltd","National Theatre","Australian National Memorial Theatre Ltd","No","0.4","International student data 14/01/2018",144.981,-37.867,0,0,0,0,0,0,0,0,0,0,0,0,0,0,0,0,0,0,0,0,0,0,0,0,0,53,0,0,0,0,0,0,0,0,0,0,0,0,0,0
"North Melbourne College","c(-37.8034, 144.895)","VET","03266E","Berkeley College Pty Ltd","North Melbourne College","North Melbourne College, 84 Buckley Street, Footscray, VIC","No","0.6","International student data 14/01/2018",144.895,-37.8034,0,0,0,0,0,0,0,0,0,0,0,0,0,0,0,0,0,0,0,0,0,0,0,0,0,0,53,0,0,0,0,0,0,0,0,0,0,0,0,0
"Melbourne Polytechnic, Preston TAFE Campus","c(-37.7413, 144.998)","VET","00724G","Melbourne Polytechnic","Melbourne Polytechnic","Preston Campus","No","0.4","International student data 14/01/2018",144.998,-37.7413,0,0,0,0,0,0,0,0,0,0,0,0,0,0,0,0,0,0,0,0,0,0,0,0,0,0,0,0,13,0,0,0,0,13,0,13,0,0,0,13
"Melbourne Polytechnic, Heidelberg Campus","c(-37.7506, 145.046)","VET","00724G","Melbourne Polytechnic","Melbourne Polytechnic","Heidelberg Campus","No","0.4","International student data 14/01/2018",145.046,-37.7506,0,0,0,0,0,0,0,0,0,0,0,0,0,0,0,0,0,0,0,0,0,0,0,0,0,0,0,0,13,0,0,0,0,13,0,13,0,0,0,13
"Melbourne Polytechnic, Epping Campus","c(-37.6531, 145.031)","Higher Education","00724G","Melbourne Polytechnic","Melbourne Polytechnic","Epping Campus","No","0.7","International student data 14/01/2018",145.031,-37.6531,0,0,0,0,0,0,0,0,0,0,0,0,0,0,0,0,0,0,0,0,0,0,0,0,0,0,0,0,13,0,0,0,0,13,0,13,0,0,0,13
"Melbourne Polytechnic, Fairfield Campus","c(-37.792, 145.009)","VET","00724G","Melbourne Polytechnic","Melbourne Polytechnic","Fairfield Campus","No","0.6","International student data 14/01/2018",145.009,-37.792,0,0,0,0,0,0,0,0,0,0,0,0,0,0,0,0,0,0,0,0,0,0,0,0,0,0,0,0,13,0,0,0,0,13,0,13,0,0,0,13
"Nova Institute of Technology","c(-37.8153, 144.961)","ELICOS","02856B","Nova International Education Pty Ltd","Nova Institute of Technology","Nova International Education Pty Ltd","No","0.4","International student data 14/01/2018",144.961,-37.8153,0,0,0,0,0,0,0,0,0,0,0,0,0,0,0,0,0,0,0,0,0,0,0,0,0,0,0,0,0,0,0,0,0,0,0,0,0,53,0,0
"Oceania Polytechnic Institute of Education (OPIE)","c(-37.8173, 144.959)","VET","01905F","Oceania Polytechnic Institute of Education Pty. Ltd.","Oceania Polytechnic","Oceania Polytechnic Institute of Education P/L","No","0.7","International student data 14/01/2018",144.959,-37.8173,0,0,0,0,0,53,0,0,0,0,0,0,0,0,0,0,0,0,0,0,0,0,0,0,0,0,0,0,0,0,0,0,0,0,0,0,0,0,0,0
"Ozford College of Busines","c(-37.8106, 144.969)","VET","02573B","Ozford Business College Pty Ltd","Ozford College of Business","Ozford College of Business, Melbourne 123 Lonsdale Street","No","0.4","International student data 14/01/2018",144.969,-37.8106,0,0,0,0,0,0,0,0,0,0,0,0,0,0,0,0,0,0,0,0,0,0,0,0,0,0,0,0,0,0,0,0,0,0,53,0,0,0,0,0
"Ozford College","c(-37.8128, 144.954)","All sectors","02427A","Ozford College Pty Ltd","Ozford College","Ozford College Pty Ltd","No","0.4","International student data 14/01/2018",144.954,-37.8128,0,0,0,0,0,0,0,0,0,0,0,0,0,0,0,0,0,0,0,0,0,0,0,0,0,0,0,0,53,0,0,0,0,0,0,0,0,0,0,0
"Ozford College of Business","c(-37.8083, 144.968)","VET","02573B","Ozford Business College Pty Ltd","Ozford College of Business","Ozford College of Business, 42-46 La Trobe Street","No","0.7","International student data 14/01/2018",144.968,-37.8083,0,0,0,0,0,0,0,0,53,0,0,0,0,0,0,0,0,0,0,0,0,0,0,0,0,0,0,0,0,0,0,0,0,0,0,0,0,0,0,0
"Pearson Aviation, Essendon Airport","c(-37.7498, 144.911)","VET","03017M","Pearson Aviation Pty Ltd","Pearson Aviation Pty Ltd","Pearson Aviation Pty Ltd","No","0.4","International student data 14/01/2018",144.911,-37.7498,0,0,0,0,0,0,0,0,0,0,0,0,0,0,0,0,0,0,0,0,0,0,0,0,0,0,53,0,0,0,0,0,0,0,0,0,0,0,0,0
"Photography Studies College (PSC), Melbourne Campus","c(-37.8221, 144.966)","Higher Education","00257G","Photography Holdings Pty Ltd","Photography Studies College (Melbourne)","Photography Holdings Pty Ltd","No","0.4","International student data 14/01/2018",144.966,-37.8221,0,0,0,0,0,0,0,0,0,0,0,0,0,0,0,0,0,0,0,0,0,0,0,0,0,0,0,0,0,0,0,0,0,53,0,0,0,0,0,0
"Planetshakers College","c(-37.8289, 144.955)","All sectors","00958A","Alphacrucis College Limited","Alphacrucis College","Planetshakers College Southbank","No","0.6","International student data 14/01/2018",144.955,-37.8289,0,0,0,0,0,0,0,0,0,0,0,0,0,0,0,0,0,0,0,0,0,0,0,0,0,0,0,0,0,0,0,0,0,0,0,53,0,0,0,0
"SAE Institute Qantm College, Melbourne Campus","c(-37.8296, 144.948)","Higher Education","00312F","SAE Institute Pty Ltd","SAE Creative Media Institute","SAE Qantm Creative Media Institute, Melbourne","No","0.8","International student data 14/01/2018",144.948,-37.8296,0,0,0,0,0,0,0,0,0,0,0,0,0,0,0,0,0,0,0,0,0,0,0,0,0,0,0,0,0,0,0,0,0,0,0,0,0,53,0,0
"Royal Gurkhas Institute of Technology (RGIT) Australia, Gurkhas Institute of Hospitality & Management","c(-37.8171, 144.964)","VET","03002G","OAKHILL EDUCATION GROUP AUSTRALIA PTY LTD","Royal Gurkhas Institute of Technology (RGIT) Australia","Royal Gurkhas Institute of Technology (RGIT) Australia, 43-45 Elizabeth Street MELBOURNE VIC 3000","No","0.7","International student data 14/01/2018",144.964,-37.8171,0,0,0,0,0,0,0,0,0,0,0,0,0,0,0,0,0,0,0,0,0,0,0,0,0,0,0,0,0,0,0,0,0,0,0,0,0,53,0,0
"School for F.M. Alexander Studies","c(-37.7803, 144.987)","VET","02438J","Einstein's Moon Pty Ltd","School for F.M. Alexander Studies","Einstein's Moon Pty Ltd","No","0.4","International student data 14/01/2018",144.987,-37.7803,0,0,0,0,0,0,0,53,0,0,0,0,0,0,0,0,0,0,0,0,0,0,0,0,0,0,0,0,0,0,0,0,0,0,0,0,0,0,0,0
"Baxter Institute, Automotive & Bakery Campus","c(-37.8244, 144.961)","All sectors","02233M","Sheila Baxter Training Centre Pty Ltd","Baxter Institute","Baxter Institute, 93 Queensbridge Street","No","1.3","International student data 14/01/2018",144.961,-37.8244,0,0,0,0,0,0,0,0,0,0,0,0,0,0,0,0,0,0,0,0,0,0,0,0,0,0,0,0,0,0,0,0,0,0,0,0,0,53,0,0
"South Pacific Institute (SPI), Melbourne Campus","c(-37.806, 144.983)","All sectors","02857A","Sher-E-Punjab Pty Ltd","South Pacific Institute","Fitzroy","No","0.7","International student data 14/01/2018",144.983,-37.806,0,0,0,0,0,0,0,0,0,0,0,0,0,53,0,0,0,0,0,0,0,0,0,0,0,0,0,0,0,0,0,0,0,0,0,0,0,0,0,0
"Southern School of Natural Therapies","c(-37.7987, 144.976)","Higher Education","00246M","Think: Colleges Pty Ltd","Think Education, APM College of Business and Communication, Australasian College of Natural Therapies, Billy Blue College of Design, Jansen Newman Institute, Southern School of Natural Therapies, William Blue College of Hospitality Management, Australian ","Think Education, APM College of Business and Communication, Australasian College of Natural Therapies, Billy Blue College of Design, Jansen Newman Institute, Southern School of Natural Therapies, William Blue College of Hospitality Management, Australian , 25 Victoria Street, Fitzroy VIC 3065","No","0.4","International student data 14/01/2018",144.976,-37.7987,0,0,0,0,0,0,0,0,0,0,0,0,0,0,0,0,0,0,0,0,0,0,0,0,0,0,0,0,0,0,0,0,0,0,0,0,0,53,0,0
"Technical Institute of Victoria","c(-37.8485, 145.002)","VET","02924F","Spice Telecom Australia Pty Ltd","Technical Institute of Victoria","Spice Telecom Australia Ptd Ltd (Hospitality, Prahan)","No","0.4","International student data 14/01/2018",145.002,-37.8485,0,0,0,0,0,0,0,0,0,0,0,0,0,0,0,0,0,0,0,0,0,0,0,0,0,0,53,0,0,0,0,0,0,0,0,0,0,0,0,0
"Strathfield College, Melbourne Campus","c(-37.816, 144.96)","ELICOS","02736K","Strathfield College Pty Ltd","Strathfield College, Sydney Jacaranda College","Strathfield College, Sydney Jacaranda College, Level 2, 422 Little Collins Street, Melbourne, VIC, 3000","No","0.6","International student data 14/01/2018",144.96,-37.816,0,0,0,0,0,0,0,0,0,0,0,0,0,0,0,0,0,0,0,0,0,0,0,0,0,0,0,0,0,0,0,0,0,0,0,0,0,53,0,0
"Charles Sturt University Study Centres, Melbourne","c(-37.817, 144.958)","Higher Education","00005F","Charles Sturt University (CSU)","Charles Sturt University","CSU Study Centre Melbourne","No","1.5","International student data 14/01/2018",144.958,-37.817,0,0,0,0,0,0,0,0,0,0,0,0,0,0,0,0,0,0,0,0,0,0,0,0,0,0,0,0,0,0,0,0,0,0,0,0,0,53,0,0
"Sunshine College of Management","c(-37.7864, 144.834)","VET","02835G","Sunshine College of Management Pty Ltd","Sunshine College of Management Pty Ltd","Sunshine College of Management Pty Ltd","No","0.9","International student data 14/01/2018",144.834,-37.7864,0,0,0,0,0,0,0,0,0,0,0,0,0,0,0,0,0,0,0,0,0,0,0,0,0,0,0,0,0,0,0,0,0,0,0,0,0,53,0,0
"Swinburne University of Technology, Prahan Campus","c(-37.8518, 144.992)","All sectors","00111D","Swinburne University of Technology","Swinburne University of Technology,Prahran Campus 144 High Street Prahran Swinburne University","Swinburne University of Technology,Prahran Campus 144 High Street Prahran Swinburne University, Prahran Campus 144 High Street Prahran Swinburne University","No","0.7","International student data 14/01/2018",144.992,-37.8518,0,0,0,0,0,0,0,0,0,0,0,0,0,0,0,0,0,0,0,0,0,0,0,0,0,0,0,0,0,0,0,0,0,0,0,26,0,26,0,0
"Swinburne University of Technology, Hawthorn Campus","c(-37.8221, 145.039)","All sectors","00111D","Swinburne University of Technology","Swinburne University of Technology,Hawthorn Campus John Street Hawthorn Swinburne University","Hawthorn Campus John Street Hawthorn Swinburne University","No","0.8","International student data 14/01/2018",145.039,-37.8221,0,0,0,0,0,0,0,0,0,0,0,0,0,0,0,0,0,0,0,0,0,0,0,0,0,0,0,0,0,0,0,0,0,0,0,26,0,26,0,0
"TAFE NSW  Riverina Institute","c(-34.2867, 146.037)","All sectors","00591E","Technical and Further Education Commission","TAFE NSW Technical and Further Education Commission; TAFE NSW Higher Education","Grifith","Yes","0.4","International student data 14/01/2018",146.037,-34.2867,0,0,0,0,0,0,0,0,0,0,0,0,0,0,0,0,0,0,0,0,0,0,0,0,0,0,0,0,0,0,0,0,0,0,0,0,0,0,0,53
"The Australian Conservatoire of Ballet, Melbourne Campus","c(-37.813, 144.998)","VET","02020B","Christine Walsh Enterprises Pty Ltd","The Australian Conservatoire of Ballet","Christine Walsh Enterprises Pty Ltd","No","0.8","International student data 14/01/2018",144.998,-37.813,0,0,0,0,0,0,0,0,0,53,0,0,0,0,0,0,0,0,0,0,0,0,0,0,0,0,0,0,0,0,0,0,0,0,0,0,0,0,0,0
"TMG College","c(-37.8206, 145.126)","VET","03397E","The Malka Group Pty Ltd","The Malka Group - TMG Training and Consulting, TMG College Australia","The Malka Group - TMG Training and Consulting, TMG College Australia, 29 Ellingworth Parade","No","0.8","International student data 14/01/2018",145.126,-37.8206,0,0,0,0,0,0,0,0,0,0,0,0,0,0,0,0,0,0,0,0,0,0,0,0,0,0,0,0,0,0,53,0,0,0,0,0,0,0,0,0
"Melbourne University, Trinity College","c(-37.8011, 144.964)","Non-award","00709G","Trinity College","Trinity College","Trinity College (The University of Melbourne precinct)","No","0.4","International student data 14/01/2018",144.964,-37.8011,0,0,0,0,0,0,0,0,0,0,0,0,0,0,0,0,0,0,0,0,0,0,0,0,0,0,0,0,0,0,0,53,0,0,0,0,0,0,0,0
"Technical Education Development Institute","c(-37.815, 144.955)","All sectors","03221G","True Education Pty Ltd","Technical Education Development Institute","True Education Pty Ltd","No","0.9","International student data 14/01/2018",144.955,-37.815,0,0,0,0,0,0,0,0,0,0,0,0,0,0,0,0,0,0,0,0,0,0,0,0,0,0,0,0,0,0,0,0,0,0,0,0,0,53,0,0
"Universal Institute of Technology","c(-37.8155, 144.961)","ELICOS","02946M","Universal Institute of Technology Pty Ltd","Universal Institute of Technology,Universal English","Universal Institute of Technology,Universal English, Level 1, 131 Queen St Melbourne","No","0.8","International student data 14/01/2018",144.961,-37.8155,0,0,0,0,0,0,0,0,0,0,0,0,0,0,0,0,0,0,0,0,0,0,0,0,0,0,0,0,0,0,53,0,0,0,0,0,0,0,0,0
"Victoria University, Footscray Park","c(-37.7936, 144.897)","All sectors","00124K","Victoria University","Victoria University","Victoria University Footscray Park","No","0.4","International student data 14/01/2018",144.897,-37.7936,0,0,7,0,0,0,0,0,0,0,0,0,0,0,0,0,0,0,0,0,0,0,0,0,0,0,7,0,0,0,0,0,0,0,0,7,7,23,0,7
"Victoria University, St Albans","c(-37.7454, 144.805)","All sectors","00124K","Victoria University","Victoria University","Victoria University St Albans","No","1","International student data 14/01/2018",144.805,-37.7454,0,0,7,0,0,0,0,0,0,0,0,0,0,0,0,0,0,0,0,0,0,0,0,0,0,0,7,0,0,0,0,0,0,0,0,7,7,23,0,7
"Victoria University, Melbourne Campus","c(-37.8172, 144.956)","Higher Education","00665C","The Australian Institute of Music Limited","The Australian Institute of Music","Melbourne Campus","No","0.6","International student data 14/01/2018",144.956,-37.8172,0,0,7,0,0,0,0,0,0,0,0,0,0,0,0,0,0,0,0,0,0,0,0,0,0,0,7,0,0,0,0,0,0,0,0,7,7,23,0,7
"Victoria University, Werribee","c(-37.8922, 144.701)","All sectors","00124K","Victoria University","Victoria University","Victoria University Werribee","No","0.4","International student data 14/01/2018",144.701,-37.8922,0,0,7,0,0,0,0,0,0,0,0,0,0,0,0,0,0,0,0,0,0,0,0,0,0,0,7,0,0,0,0,0,0,0,0,7,7,23,0,7
"Victoria University, Sunshine","c(-37.7777, 144.837)","VET","00124K","Victoria University","Victoria University","Victoria University Sunshine","No","0.4","International student data 14/01/2018",144.837,-37.7777,0,0,7,0,0,0,0,0,0,0,0,0,0,0,0,0,0,0,0,0,0,0,0,0,0,0,7,0,0,0,0,0,0,0,0,7,7,23,0,7
"Victoria University, City Queen","c(-37.8125, 144.959)","Higher Education","00124K","Victoria University","Victoria University","Victoria University City Queen","No","0.4","International student data 14/01/2018",144.959,-37.8125,0,0,7,0,0,0,0,0,0,0,0,0,0,0,0,0,0,0,0,0,0,0,0,0,0,0,7,0,0,0,0,0,0,0,0,7,7,23,0,7
"Victoria University, Footscray Nicholson","c(-37.8039, 144.899)","Higher Education","00124K","Victoria University","Victoria University","Victoria University Footscray Nicholson","No","0.6","International student data 14/01/2018",144.899,-37.8039,0,0,7,0,0,0,0,0,0,0,0,0,0,0,0,0,0,0,0,0,0,0,0,0,0,0,7,0,0,0,0,0,0,0,0,7,7,23,0,7
"Victoria University, City Flinders","c(-37.8182, 144.964)","Higher Education","00124K","Victoria University","Victoria University","Victoria University City Flinders","No","1.8","International student data 14/01/2018",144.964,-37.8182,0,0,7,0,0,0,0,0,0,0,0,0,0,0,0,0,0,0,0,0,0,0,0,0,0,0,7,0,0,0,0,0,0,0,0,7,7,23,0,7
"Whitehouse Institute of Design, Australia","c(-37.8167, 144.953)","Higher Education","02863C","Whitehouse Institute Pty Ltd","Whitehouse Institute of Design, Australia","Whitehouse Institute of Design (VIC)","No","0.4","International student data 14/01/2018",144.953,-37.8167,0,0,0,0,0,0,0,0,0,0,0,0,0,0,0,0,0,0,0,0,0,0,0,0,0,0,0,0,0,0,0,0,0,53,0,0,0,0,0,0
"Yorke Institute","c(-37.8109, 144.992)","VET","02893G","Yorke Institute Pty Ltd","Yorke Institute","Yorke Institute, 13 Elizabeth Street, Richmond - Yorke Institute Pty Ltd","No","0.4","International student data 14/01/2018",144.992,-37.8109,0,0,0,0,0,0,0,0,0,0,0,0,0,0,0,0,0,0,0,0,0,0,0,0,0,0,0,0,0,0,0,53,0,0,0,0,0,0,0,0
"Chisholm Institute, Dandenong Campus","c(-38.0421, 145.342)","VET","00881F","Chisholm Institute","Chisholm Institute","Chisholm Institute, Berwick Campus - 25 Kangan Drive","Yes","0.4","International student data 14/01/2018",145.342,-38.0421,0,0,2,0,1,1,0,0,0,1,0,2,0,2,0,0,1,0,0,0,0,0,0,0,2,0,2,0,6,9,1,0,0,4,0,9,3,23,1,4
"Chisholm Institute, Flinders Lane Campus","c(-37.891933, 144.9230619)","All sectors","00881F","Chisholm Institute","Chisholm Institute","Chisholm Institute, Chisholm Institute of TAFE, 238 Flinders Lane, Melbourne 3000","Yes","0.4","International student data 14/01/2018",144.9230619,-37.891933,0,0,0,0,0,0,0,0,0,0,0,0,0,0,0,0,0,0,0,0,0,0,0,0,0,0,0,0,0,0,0,0,0,0,0,0,0,0,0,0
"Chisholm Institute, Cranbourne Campus","c(-38.0434277, 145.1882625)","VET","00881F","Chisholm Institute","Chisholm Institute","Chisholm Institute, Chisholm Institute of TAFE, Holland Drive Cranbourne 3977","Yes","1.5","International student data 14/01/2018",145.1882625,-38.0434277,0,0,0,0,0,0,0,0,0,0,0,0,0,0,0,0,0,0,0,0,0,0,0,0,0,0,0,0,0,0,0,0,0,0,0,0,0,0,0,0
"Chisholm Institue, Chisholm At 331","c(-37.975611, 145.2197441)","All sectors","00881F","Chisholm Institute","Chisholm Institute","Chisholm Institute, Chisholm Institute of TAFE, 331 Lonsdale Street Dandenong 3175","Yes","0.4","International student data 14/01/2018",145.2197441,-37.975611,0,0,0,0,0,0,0,0,0,0,0,0,0,0,0,0,0,0,0,0,0,0,0,0,0,0,0,0,0,0,0,0,0,0,0,0,0,0,0,0
"Chisholm Institute, Melbourne City Campus","c(-37.8130231, 144.9584356)","Higher Education","00881F","Chisholm Institute","Chisholm Institute","Chisholm Institute, Chisholm Institute of TAFE, Melbourne City Campus, 399 Lonsdale Street Melbourne 3000","Yes","0.4","International student data 14/01/2018",144.9584356,-37.8130231,0,0,0,0,0,0,0,0,0,0,0,0,0,0,0,0,0,0,0,0,0,0,0,0,0,0,0,0,0,0,0,0,0,0,0,0,0,0,0,0
"Chisholm Institute, Bass Coast","c(-38.5888765, 145.5787101)","VET","00881F","Chisholm Institute","Chisholm Institute","Chisholm Institute, Chisholm Institute of TAFE, Bass Coast Campus, Bass Highway, Dudley 3995","Yes","0.4","International student data 14/01/2018",145.5787101,-38.5888765,0,0,0,0,0,0,0,0,0,0,0,0,0,0,0,0,0,0,0,0,0,0,0,0,0,0,0,0,0,0,0,0,0,0,0,0,0,0,0,0
"Australian College of Theology","c(-37.7974, 145.119)","All sectors","02650E","Australian College of Theology Limited","Australian College of Theology","Presbyterian Theological College","Yes","0.4","International student data 14/01/2018",145.119,-37.7974,0,0,2,0,1,1,0,0,0,1,0,2,0,2,0,0,1,0,0,0,0,0,0,0,2,0,2,0,6,9,1,0,0,4,0,9,3,23,1,4
"Presbyterian Theological College, Box Hill Campus","c(-37.7973, 145.1169183)","All sectors","02650E","Australian College of Theology Limited","Australian College of Theology","Australian College of Theology, Presbyterian Theological College, Box Hill Campus, 684 Elgar Rd, Box Hill North VIC 3129","Yes","0.4","International student data 14/01/2018",145.1169183,-37.7973,0,0,0,0,0,0,0,0,0,0,0,0,0,0,0,0,0,0,0,0,0,0,0,0,0,0,0,0,0,0,0,0,0,0,0,0,0,0,0,0
"Reformed Theological College, Geelong Campus","c(-38.1898693, 144.3019719)","All sectors","02650E","Australian College of Theology Limited","Australian College of Theology","Australian College of Theology, Reformed Theological College, Geelong Campus, 125 Pigdons Rd, Waurn Ponds VIC 3216","Yes","0.4","International student data 14/01/2018",144.3019719,-38.1898693,0,0,0,0,0,0,0,0,0,0,0,0,0,0,0,0,0,0,0,0,0,0,0,0,0,0,0,0,0,0,0,0,0,0,0,0,0,0,0,0
"Ridley College, Parkville Campus","c(-37.7837187, 144.9551728)","All sectors","02650E","Australian College of Theology Limited","Australian College of Theology","Australian College of Theology, Ridley College, Parkville Campus,  170 The Avenue, Parkville VIC 3052","Yes","0.4","International student data 14/01/2018",144.9551728,-37.7837187,0,0,0,0,0,0,0,0,0,0,0,0,0,0,0,0,0,0,0,0,0,0,0,0,0,0,0,0,0,0,0,0,0,0,0,0,0,0,0,0
"Pilgrim Theological College","c(-37.793, 144.959)","Higher Education","01037A","University of Divinity","University of Divinity","Pilgrim Theological College","No","0.6","International student data 14/01/2018",144.959,-37.793,0,0,2,0,1,1,0,0,0,1,0,2,0,2,0,0,1,0,0,0,0,0,0,0,2,0,2,0,6,9,1,0,0,4,0,9,3,23,1,4
"Trinity College Theological School","c(-37.7889, 144.959)","Higher Education","01037A","University of Divinity","University of Divinity","Trinity College","No","0.4","International student data 14/01/2018",144.959,-37.7889,0,0,2,0,1,1,0,0,0,1,0,2,0,2,0,0,1,0,0,0,0,0,0,0,2,0,2,0,6,9,1,0,0,4,0,9,3,23,1,4
"Catholic Theological College (CTC), Melbourne College of Divinity - East Melbourne Campus","c(-37.8091, 144.981)","Higher Education","01037A","University of Divinity","University of Divinity","Catholic Theological College","No","0.6","International student data 14/01/2018",144.981,-37.8091,0,0,0,0,0,0,0,0,0,0,0,0,0,0,0,0,0,0,0,0,0,0,0,0,0,0,0,0,0,0,0,0,0,0,0,0,0,53,0,0
"University of Divinity, Yarra Theological Union","c(-37.9278, 145.195)","All sectors","01037A","University of Divinity","University of Divinity","Stirling Theological College","No","0.4","International student data 14/01/2018",145.195,-37.9278,0,0,0,0,0,0,0,0,0,0,39,0,0,0,0,0,0,0,0,0,0,0,0,0,0,0,0,0,0,0,0,0,0,0,0,0,0,18,0,0
"Univeristy of Divinity, Whitley College","c(-37.7872, 144.959)","All sectors","01037A","University of Divinity","University of Divinity","Whitley College","No","0.8","International student data 14/01/2018",144.959,-37.7872,0,0,0,0,0,0,0,0,0,0,39,0,0,0,0,0,0,0,0,0,0,0,0,0,0,0,0,0,0,0,0,0,0,0,0,0,0,18,0,0
"University of Divinity, Stirling College","c(-37.8258, 145.135)","Higher Education","01037A","University of Divinity","University of Divinity","Yarra Theological Union","No","0.8","International student data 14/01/2018",145.135,-37.8258,0,0,0,0,0,0,0,0,0,0,39,0,0,0,0,0,0,0,0,0,0,0,0,0,0,0,0,0,0,0,0,0,0,0,0,0,0,18,0,0
"Southern Cross Education Institute (SCEI), Melbourne Main Campus","c(-37.789766, 144.9375133)","All sectors","0293D","Southern Cross Education Institute Pty Ltd","Southern Cross Education Institute (SCEI)","Main Campus","Yes",NA,NA,144.9375133,-37.789766,NA,NA,NA,NA,NA,NA,NA,NA,NA,NA,NA,NA,NA,NA,NA,NA,NA,NA,NA,NA,NA,NA,NA,NA,NA,NA,NA,NA,NA,NA,NA,NA,NA,NA,NA,NA,NA,NA,NA,NA
"Southern Cross Education Institute (SCEI), Second Campus","c(-37.7943072, 144.9365407)","All sectors","0293D","Southern Cross Education Institute Pty Ltd","Southern Cross Education Institute (SCEI)","Second Campus","Yes",NA,NA,144.9365407,-37.7943072,NA,NA,NA,NA,NA,NA,NA,NA,NA,NA,NA,NA,NA,NA,NA,NA,NA,NA,NA,NA,NA,NA,NA,NA,NA,NA,NA,NA,NA,NA,NA,NA,NA,NA,NA,NA,NA,NA,NA,NA
"Southern Cross Education Institute (SCEI), Third Campus","c(-37.8066033, 144.9500792)","All sectors","0293D","Southern Cross Education Institute Pty Ltd","Southern Cross Education Institute (SCEI)","Third Campus","Yes",NA,NA,144.9500792,-37.8066033,NA,NA,NA,NA,NA,NA,NA,NA,NA,NA,NA,NA,NA,NA,NA,NA,NA,NA,NA,NA,NA,NA,NA,NA,NA,NA,NA,NA,NA,NA,NA,NA,NA,NA,NA,NA,NA,NA,NA,NA
"St Peter Institute, Bourke Street Campus","c(-37.8138, 144.965)","All sectors","03167G","Angel United Group Pty. Ltd.","St. Peters Institute","St. Peters Institute, Level 2 Leviathan Building, 271-281 Bourke Street","Yes","1.4","International student data 14/01/2018",144.965,-37.8138,0,0,0,0,0,0,0,0,0,0,0,0,0,0,0,0,0,0,0,0,0,0,0,0,0,0,0,0,0,53,0,0,0,0,0,0,0,0,0,0
"St Peter Institute, Little Collins Campus","c(-37.8154536, 144.961241)","All sectors","03167G","Angel United Group Pty. Ltd.","St. Peters Institute","Little Collins Campus","Yes","1.4","International student data 14/01/2018",144.961241,-37.8154536,0,0,0,0,0,0,0,0,0,0,0,0,0,0,0,0,0,0,0,0,0,0,0,0,0,0,0,0,0,0,0,0,0,0,0,0,0,0,0,0
"Turner English, Camberwell Campus","c(-37.8469, 145.064)","ELICOS","03472K","Education Hub Pty Ltd","Turner English","Camberwell Campus","No","0.4","International student data 14/01/2018",145.064,-37.8469,0,0,0,0,0,0,0,0,0,0,0,0,0,0,0,0,0,0,0,0,0,0,0,0,0,0,0,0,0,0,53,0,0,0,0,0,0,0,0,0
"Turner English, Melbourne CBD Campus","c(-37.813305, 144.9574055)","ELICOS","03472K","Education Hub Pty Ltd","Turner English","Melbourne CBD Campus","No","0.4","International student data 14/01/2018",144.9574055,-37.813305,0,0,0,0,0,0,0,0,0,0,0,0,0,0,0,0,0,0,0,0,0,0,0,0,0,0,0,0,0,0,0,0,0,0,0,0,0,0,0,0
"Turner English, Box Hill Campus","c(-37.8178803, 145.1226304)","ELICOS","03472K","Education Hub Pty Ltd","Turner English","Box Hill Campus","No","0.4","International student data 14/01/2018",145.1226304,-37.8178803,0,0,0,0,0,0,0,0,0,0,0,0,0,0,0,0,0,0,0,0,0,0,0,0,0,0,0,0,0,0,0,0,0,0,0,0,0,0,0,0
"Turner English, Dandenong Campus","c(-37.9884831, 145.2126755)","ELICOS","03472K","Education Hub Pty Ltd","Turner English","Dandenong Campus","No","0.4","International student data 14/01/2018",145.2126755,-37.9884831,0,0,0,0,0,0,0,0,0,0,0,0,0,0,0,0,0,0,0,0,0,0,0,0,0,0,0,0,0,0,0,0,0,0,0,0,0,0,0,0
"Victorian Institute of Culinary Arts & Technology, Regional Campus 2 - Kerang Wellington st","c(-35.7332, 143.919)","All sectors","02797G","G Plus G Global Trading Pty Ltd","Victorian Institute of Culinary Arts & Technology","Scoresby St","Yes","0.4","International student data 14/01/2018",143.919,-35.7332,0,0,2,0,1,1,0,0,0,1,0,2,0,2,0,0,1,0,0,0,0,0,0,0,2,0,2,0,6,9,1,0,0,4,0,9,3,23,1,4
"Victorian Institute of Culinary Arts & Technology, Regional Campus 1 - Kerang Scoresby st","c(-35.7331741, 143.9169341)","VET","02797G","G Plus G Global Trading Pty Ltd","Victorian Institute of Culinary Arts & Technology","Victorian Institute of Culinary Arts & Technology, 62-64 Wellington St","Yes","0.4","International student data 14/01/2018",143.9169341,-35.7331741,0,0,2,0,1,1,0,0,0,1,0,2,0,2,0,0,1,0,0,0,0,0,0,0,2,0,2,0,6,9,1,0,0,4,0,9,3,23,1,4
"Victorian Institute of Culinary Arts & Technology, Main Campus - Spotswood","c(-37.8285, 144.887)","VET","02797G","G Plus G Global Trading Pty Ltd","Victorian Institute of Culinary Arts & Technology","Victorian Institute of Culinary Arts & Technology, 208 Hall Street","No","1","International student data 14/01/2018",144.887,-37.8285,0,0,0,0,0,0,0,0,0,0,0,0,0,0,0,0,0,0,0,0,0,0,0,0,0,0,0,0,0,0,0,0,0,0,0,0,0,53,0,0
"Victorian Institute of Culinary Arts & Technology, Regional Campus 3 - Shepparton","c(-36.3815479, 145.3972986)","All sectors","02797G","G Plus G Global Trading Pty Ltd","Victorian Institute of Culinary Arts & Technology","359 Wyndham Street, Shepparton 3630 Victoria, Australia","Yes","0.4","International student data 14/01/2018",145.3972986,-36.3815479,0,0,0,0,0,0,0,0,0,0,0,0,0,0,0,0,0,0,0,0,0,0,0,0,0,0,0,0,0,0,0,0,0,0,0,0,0,0,0,0
"VIT (Victorian Institute of Technology), Melbourne CBD Campus","c(-37.8158, 144.961)","All sectors","02044E","Victorian Institute of Technology Pty Ltd","VIT (Victorian Institute of Technology)","VIT (Victorian Institute of Technology), Levels 3, 10,11 & 14, 123 Queen Street","No","0.8","International student data 14/01/2018",144.961,-37.8158,0,0,0,0,0,0,0,0,0,0,0,0,0,0,0,0,0,0,0,0,0,0,0,0,0,0,0,0,0,0,53,0,0,0,0,0,0,0,0,0
"VIT (Victorian Institute of Technology), Abbotsford Campus","c(-37.8009405, 145.0001593)","All sectors","02044E","Victorian Institute of Technology Pty Ltd","VIT (Victorian Institute of Technology)","413 Johnston Street Abbotsford VIC  3067 Australia","No","0.8","International student data 14/01/2018",145.0001593,-37.8009405,0,0,0,0,0,0,0,0,0,0,0,0,0,0,0,0,0,0,0,0,0,0,0,0,0,0,0,0,0,0,0,0,0,0,0,0,0,0,0,0
"Ashton College, Footscray Campus","c(-37.8035, 144.899)","ELICOS","03142F","Ashton College Pty. Ltd.","Ashton College; Ashton English","Ashton College; Ashton English, 213 Nicholson St","No","0.4","International student data 14/01/2018",144.899,-37.8035,0,0,2,0,1,1,0,0,0,1,0,2,0,2,0,0,1,0,0,0,0,0,0,0,2,0,2,0,6,9,1,0,0,4,0,9,3,23,1,4
"Ashton College, Hospitality Campus","c(-37.7982, 144.897)","All sectors","03142F","Ashton College Pty. Ltd.","Ashton College; Ashton English","Ashton Hotel School","No","0.4","International student data 14/01/2018",144.897,-37.7982,0,0,2,0,1,1,0,0,0,1,0,2,0,2,0,0,1,0,0,0,0,0,0,0,2,0,2,0,6,9,1,0,0,4,0,9,3,23,1,4
"Ashton College, Hallam Campus","c(-38.0187, 145.269)","VET","03142F","Ashton College Pty. Ltd.","Ashton College; Ashton English","Hallam","No","0.4","International student data 14/01/2018",145.269,-38.0187,0,0,2,0,1,1,0,0,0,1,0,2,0,2,0,0,1,0,0,0,0,0,0,0,2,0,2,0,6,9,1,0,0,4,0,9,3,23,1,4
"Ashton College, Northcote Campus","c(-37.7655, 144.987)","VET","03142F","Ashton College Pty. Ltd.","Ashton College; Ashton English","Ashton College; Ashton English, 1/167 Beavers Road","No","0.4","International student data 14/01/2018",144.987,-37.7655,0,0,0,0,0,0,0,0,0,0,0,0,0,0,0,0,0,0,0,0,0,0,0,0,0,0,0,0,53,0,0,0,0,0,0,0,0,0,0,0
"Acumen Institute of Further Education, CBD Campus","c(-37.8063652, 144.948088)","All sectors","03090B","Acumen Education Pty Ltd","Acumen Institute of Further Education","Acumen Institute of Further Education, CBD Campus, 8/55 Swanston st Melbourne 3000","No","0.7","International student data 14/01/2018",144.948088,-37.8063652,0,0,2,0,1,1,0,0,0,1,0,2,0,2,0,0,1,0,0,0,0,0,0,0,2,0,2,0,6,9,1,0,0,4,0,9,3,23,1,4
"Acumen Institute of Further Education, Richmond Campus","c(-37.8110131, 144.9898002)","All sectors","03090B","Acumen Education Pty Ltd","Acumen Institute of Further Education","Acumen Institute of Further Education, Richmond Campus, 11 Elizabeth st Richmond","No","0.4","International student data 14/01/2018",144.9898002,-37.8110131,0,0,0,0,0,0,0,0,0,0,0,0,0,0,0,0,0,0,0,0,0,0,0,0,0,0,0,0,0,0,0,0,0,0,0,0,0,53,0,0
"Stott's Colleges (Front Cooking School - Carlton Campus) - VET","c(-37.778, 144.97)","VET","00197D","Acknowledge Education Pty Ltd","Stott's Colleges, Australian Surf Industry Training School, Front Cooking School, Melbourne Language Centre, Affectors Academy","Stott's Colleges, Australian Surf Industry Training School, Front Cooking School, Melbourne Language Centre, Affectors Academy, 107 Brunswick Road","No","0.6","International student data 14/01/2018",144.97,-37.778,0,0,2,0,1,1,0,0,0,1,0,2,0,2,0,0,1,0,0,0,0,0,0,0,2,0,2,0,6,9,1,0,0,4,0,9,3,23,1,4
"Stott's Colleges, Melbourne Campus","c(-37.8015, 144.967)","All sectors","00197D","Acknowledge Education Pty Ltd","Stott's Colleges, Australian Surf Industry Training School, Front Cooking School, Melbourne Language Centre, Affectors Academy","Stott's Colleges, Australian Surf Industry Training School, Front Cooking School, Melbourne Language Centre, Affectors Academy, 242 Lygon Street","No","1.6","International student data 14/01/2018",144.967,-37.8015,0,0,2,0,1,1,0,0,0,1,0,2,0,2,0,0,1,0,0,0,0,0,0,0,2,0,2,0,6,9,1,0,0,4,0,9,3,23,1,4
"Stott's Colleges, Box Hill Campus","c(-37.8175, 145.124)","ELICOS","00197D","Acknowledge Education Pty Ltd","Stott's Colleges, Australian Surf Industry Training School, Front Cooking School, Melbourne Language Centre, Affectors Academy","Stott's Colleges, Australian Surf Industry Training School, Front Cooking School, Melbourne Language Centre, Affectors Academy, 693 Station Street","No","0.4","International student data 14/01/2018",145.124,-37.8175,0,0,0,0,0,0,0,0,0,0,0,0,0,0,0,0,0,0,0,0,0,0,0,0,0,0,0,0,0,0,0,0,0,0,0,0,0,53,0,0
"RMIT University, Point Cook Campus","c(-37.9056, 144.752)","Higher Education","00122A","Royal Melbourne Institute of Technology","RMIT University (RMIT)","Point Cook Campus, RAAF Williams base","No","0.6","International student data 14/01/2018",144.752,-37.9056,0,0,2,0,1,1,0,0,0,1,0,2,0,2,0,0,1,0,0,0,0,0,0,0,2,0,2,0,6,9,1,0,0,4,0,9,3,23,1,4
"RMIT University, Bundoora Campus","c(-37.7035, 145.056)","All sectors","00122A","Royal Melbourne Institute of Technology","RMIT University (RMIT)","RMIT University (RMIT), Bundoora Campus, Plenty Road, Bundoora Vic 3083","No","0.6","International student data 14/01/2018",145.056,-37.7035,0,0,2,0,1,1,0,0,0,1,0,2,0,2,0,0,1,0,0,0,0,0,0,0,2,0,2,0,6,9,1,0,0,4,0,9,3,23,1,4
"RMIT University (RMIT), City Campus","c(-37.8074, 144.965)","VET","00122A","Royal Melbourne Institute of Technology","RMIT University (RMIT)","RMIT University (RMIT), City Campus, 124 Latrobe Street, Melbourne","No","0.4","International student data 14/01/2018",144.965,-37.8074,0,0,2,0,1,1,0,0,0,1,0,2,0,2,0,0,1,0,0,0,0,0,0,0,2,0,2,0,6,9,1,0,0,4,0,9,3,23,1,4
"RMIT Univeristy, Brunswick Campus","c(-37.7711, 144.956)","Higher Education","00122A","Royal Melbourne Institute of Technology","RMIT University (RMIT)","RMIT University (RMIT), Brunswick Campus 25 Dawson Street","No","0.6","International student data 14/01/2018",144.956,-37.7711,0,0,2,0,1,1,0,0,0,1,0,2,0,2,0,0,1,0,0,0,0,0,0,0,2,0,2,0,6,9,1,0,0,4,0,9,3,23,1,4
"Angad Australian Institute of Technology, La Trobe st Campus","c(-37.8125, 144.954)","VET","02970M","Angad Australian Institute of Technology Pty Ltd","Angad Australian Institute of Technology Pty Ltd,Level 5, 501 LaTrobe Street, Melbourne VIC  3000","Angad Australian Institute of Technology Pty Ltd,Level 5, 501 LaTrobe Street, Melbourne VIC  3000, Level 5, 501 LaTrobe Street, Melbourne VIC  3000","No","0.4","International student data 14/01/2018",144.954,-37.8125,0,0,2,0,1,1,0,0,0,1,0,2,0,2,0,0,1,0,0,0,0,0,0,0,2,0,2,0,6,9,1,0,0,4,0,9,3,23,1,4
"Angad Australian Institute of Technology, Lonsdale st Campus","c(-37.8114416, 144.9639515)","VET","02970M","Angad Australian Institute of Technology Pty Ltd","Angad Australian Institute of Technology, Level 4, 213-215 Lonsdale Street","Angad Australian Institute of Technology, Level 4, 213-215 Lonsdale Street","No","0.4","International student data 14/01/2018",144.9639515,-37.8114416,0,0,0,0,0,0,0,0,0,0,0,0,0,0,0,0,0,0,0,0,0,0,0,0,0,0,0,0,0,0,0,0,0,0,0,0,0,0,0,0
"Torrens University, Flinders st Campus","c(-37.8167243, 144.9659684)","All sectors","03389E","Torrens University Australia Limited","Torrens University Australia; Torrens University Language Centre; Chifley Business School at Torrens University Australia CBS at Torrens University Australia Blue Mountains International Hotel Management School at Torrens University Australia BMIHMS at To","Torrens University Australia; Torrens University Language Centre; Chifley Business School at Torrens University Australia CBS at Torrens University Australia Blue Mountains International Hotel Management School at Torrens University Australia BMIHMS at To, 595 Little Collins Street, Melbourne VIC 3000","No","0.6","International student data 14/01/2018",144.9659684,-37.8167243,0,0,2,0,1,1,0,0,0,1,0,2,0,2,0,0,1,0,0,0,0,0,0,0,2,0,2,0,6,9,1,0,0,4,0,9,3,23,1,4
"Torrens University, Fitzroy Campus","c(-37.7986159, 144.9738386)","All sectors","03389E","Torrens University Australia Limited","Torrens University Australia; Torrens University Language Centre; Chifley Business School at Torrens University Australia CBS at Torrens University Australia Blue Mountains International Hotel Management School at Torrens University Australia BMIHMS at To","Torrens University, Fitzroy Campus, 25 Victoria Street Fitzroy VIC 3065","No","0.6","International student data 14/01/2018",144.9738386,-37.7986159,0,0,0,0,0,0,0,0,0,0,0,0,0,0,0,0,0,0,0,0,0,0,0,0,0,0,0,0,0,0,0,0,0,0,0,0,0,0,0,0
"Barkly International College, North Melbourne Campus & Automotive Workshop","c(-37.7937, 144.938)","All sectors","03136D","Barkly International College Pty. Ltd.","Barkly International College","Mark Street","No","0.4","International student data 14/01/2018",144.938,-37.7937,0,0,2,0,1,1,0,0,0,1,0,2,0,2,0,0,1,0,0,0,0,0,0,0,2,0,2,0,6,9,1,0,0,4,0,9,3,23,1,4
"Barkly International College, City Campus","c(-37.8130234, 144.959296)","All sectors","03136D","Barkly International College Pty. Ltd.","Barkly International College","Barkly International College, City Campus, Level 1, 377 Lonsdale St Melbourne 3000","No","0.4","International student data 14/01/2018",144.959296,-37.8130234,0,0,0,0,0,0,0,0,0,0,0,0,0,0,0,0,0,0,0,0,0,0,0,0,0,0,0,0,0,0,0,0,0,0,0,0,0,0,0,0
"Deakin University, Burwood Campus","c(-37.8497, 145.115)","All sectors","00113B","Deakin University (Deakin)","Deakin University (Deakin),Deakin University","Deakin University","No","2.4","International student data 14/01/2018",145.115,-37.8497,0,0,2,0,1,1,0,0,0,1,0,2,0,2,0,0,1,0,0,0,0,0,0,0,2,0,2,0,6,9,1,0,0,4,0,9,3,23,1,4
"Deakin University, Geelong Waterfront Campus","c(-38.1433, 144.36)","Higher Education","00113B","Deakin University (Deakin)","Deakin University (Deakin),Deakin University Geelong Waterfront Campus","Deakin University Geelong Waterfront Campus","Yes","0.4","International student data 14/01/2018",144.36,-38.1433,0,0,0,0,0,0,0,0,0,0,0,0,0,0,0,0,0,0,0,0,0,0,0,0,0,0,0,0,0,0,0,0,0,0,0,53,0,0,0,0
"Deakin College (MIBT), Burwood Campus","c(-37.8436, 145.11)","Higher Education","01590J","Melbourne Institute of Business & Technology Pty Ltd","Deakin College","Deakin College - Burwood Campus","No","0.7","International student data 14/01/2018",145.11,-37.8436,0,0,0,0,0,0,0,0,0,0,0,0,0,0,0,0,0,0,0,0,0,0,0,0,0,0,0,0,0,0,0,0,0,0,26,0,0,26,0,0
"Alfred Deakin College (MIBT), Waurn Ponds Campus","c(-38.2033, 144.275)","Higher Education","01590J","Melbourne Institute of Business & Technology Pty Ltd","Deakin College","Deakin College - Waurn Ponds Campus","Yes","1","International student data 14/01/2018",144.275,-38.2033,0,0,0,0,0,0,0,0,0,0,0,0,0,0,0,0,0,0,0,0,0,0,0,0,0,0,0,0,0,0,0,0,0,0,26,0,0,26,0,0
"Deakin University, Warrnambool Campus","c(-38.3857, 142.542)","Non-award","00113B","Deakin University (Deakin)","Deakin University (Deakin),Deakin University, Warrnambool Campus","Deakin University, Warrnambool Campus","Yes","0.4","International student data 14/01/2018",142.542,-38.3857,0,0,0,0,0,0,0,0,0,0,0,0,0,0,0,0,0,0,0,0,0,0,0,0,0,0,0,0,0,0,0,0,0,26,0,0,0,0,0,26
"Deakin University, Waurn Ponds Campus","c(-38.1499, 144.362)","All sectors","00113B","Deakin University (Deakin)","Deakin University (Deakin),Deakin University, Geelong Waurn Ponds Campus","Deakin University, Geelong Waurn Ponds Campus","Yes","0.4","International student data 14/01/2018",144.362,-38.1499,0,0,0,0,0,0,0,0,0,0,0,0,0,0,0,0,0,0,0,0,0,0,0,0,0,0,0,0,0,0,0,0,0,26,0,0,0,0,0,26
